order_id,city,order_date,order_time,delivery_partner,distance_km,prep_time_min,estimated_eta_min,actual_delivery_time_min,on_time,cancelled,cancellation_reason,order_value,delivery_fee,customer_rating,payment_method,restaurant_category,weather,peak_hour
1,Pune,12/17/2025,8:40 PM,DP045,25.17,56,47,90,true,false,Weather,1387.63,27.1,4.2,UPI,Snacks,Rainy,false
2,Lucknow,12/10/2025,5:58 PM,DP016,19.23,2,60,89,true,false,Restaurant,427.76,18.91,3.1,Card,Dairy,Rainy,true
3,Chennai,9/21/2025,12:07 AM,DP035,28.55,7,31,54,true,false,Restaurant,338.49,67.11,3.9,UPI,Bakery,Rainy,false
4,Mumbai,11/2/2025,2:50 PM,DP035,19.54,6,56,23,true,true,Customer,685.41,40.02,3.0,Card,Bakery,Clear,true
5,Chennai,4/17/2025,8:29 AM,DP047,15.22,55,53,35,false,true,Restaurant,105.65,54.54,2.2,UPI,Pharmacy,Rainy,true
6,Bengaluru,10/20/2025,11:18 PM,DP023,16.98,43,57,26,false,false,Rider,1434.34,79.4,1.3,Cash,Pharmacy,Clear,true
7,Ahmedabad,6/17/2025,7:16 AM,DP032,24.46,37,53,43,false,false,Rider,1444.72,39.04,2.9,Card,Snacks,Rainy,true
8,Ahmedabad,6/13/2025,11:37 AM,DP026,20.82,17,40,32,true,false,Customer,256.92,44.66,1.4,Card,Snacks,Clear,true
9,Pune,9/22/2025,1:41 PM,DP004,6.41,33,29,46,false,true,Weather,173.03,70.86,4.3,Cash,Pharmacy,Clear,true
10,Bengaluru,12/1/2025,11:29 AM,DP047,10.71,16,42,85,true,false,Weather,579.99,78.39,1.3,UPI,Pharmacy,Clear,true
11,Jaipur,3/13/2025,7:41 PM,DP031,22.43,45,50,60,false,false,Rider,416.08,52.7,3.4,Card,Dairy,Rainy,true
12,Lucknow,5/8/2025,11:31 PM,DP004,10.64,1,28,22,true,false,Rider,227.8,44.04,1.1,UPI,Pharmacy,Clear,false
13,Kolkata,12/19/2025,7:52 PM,DP004,21.59,21,56,17,false,true,Rider,212.55,48.23,4.1,UPI,Snacks,Clear,true
14,Bengaluru,7/4/2025,8:13 PM,DP002,13.56,4,45,54,true,false,Weather,1211.49,67.42,2.3,Cash,Bakery,Clear,false
15,Jaipur,9/12/2025,8:18 PM,DP049,6.5,18,17,83,false,false,Weather,1085.33,65.72,4.8,Cash,Bakery,Rainy,true
16,Chennai,3/10/2025,4:13 AM,DP037,28.24,29,45,27,true,true,Restaurant,641.53,18.65,4.2,Cash,Bakery,Rainy,false
17,Chennai,9/9/2025,6:15 AM,DP039,18.46,39,38,58,false,true,Weather,472.05,63.31,2.9,UPI,Dairy,Clear,false
18,Kolkata,9/25/2025,7:31 AM,DP024,2.84,52,15,61,false,true,Restaurant,1036.53,46.84,1.1,UPI,Dairy,Rainy,false
19,Kolkata,10/7/2025,12:19 PM,DP037,24.17,4,13,18,true,true,Rider,1328.83,57.83,1.5,UPI,Snacks,Clear,false
20,Jaipur,5/30/2025,7:16 PM,DP038,10.54,32,26,20,true,false,Customer,1307.08,73.83,2.3,Card,Snacks,Rainy,true
21,Bengaluru,6/10/2025,6:01 PM,DP041,22.92,15,24,43,false,true,Restaurant,903.17,48.56,2.3,Cash,Pharmacy,Clear,true
22,Pune,2/20/2025,12:34 AM,DP022,27.93,50,33,76,false,false,Rider,994.54,38.06,3.0,Card,Grocery,Rainy,false
23,Pune,2/19/2025,1:01 AM,DP031,6.54,45,36,71,false,true,Restaurant,128.86,47.31,3.1,UPI,Dairy,Rainy,true
24,Lucknow,2/10/2025,3:01 AM,DP033,2.52,24,40,10,true,false,Customer,282.49,46.43,1.1,Card,Pharmacy,Rainy,false
25,Bengaluru,7/31/2025,3:14 AM,DP018,20.16,13,44,57,true,false,Rider,542.75,69.23,1.5,UPI,Grocery,Rainy,false
26,Hyderabad,2/25/2025,5:19 AM,DP005,14.92,32,51,49,true,false,Rider,544.17,64.0,4.6,Card,Dairy,Clear,true
27,Mumbai,3/20/2025,5:21 AM,DP004,15.09,56,16,40,true,false,Customer,193.92,56.15,1.8,Cash,Snacks,Rainy,false
28,Kolkata,5/8/2025,5:39 AM,DP050,19.18,18,47,53,true,false,Rider,573.13,50.87,4.1,Cash,Pharmacy,Rainy,true
29,Lucknow,7/10/2025,1:44 PM,DP033,15.38,15,50,38,false,false,Restaurant,1068.4,48.85,4.1,Card,Dairy,Clear,true
30,Delhi,3/21/2025,2:27 PM,DP042,27.52,59,45,14,true,true,Rider,599.98,31.08,1.4,Card,Grocery,Rainy,true
31,Kolkata,4/22/2025,12:44 PM,DP022,13.07,30,13,19,true,false,Rider,236.06,63.51,2.4,UPI,Grocery,Rainy,true
32,Kolkata,5/16/2025,5:45 PM,DP006,16.56,19,25,68,true,false,Weather,643.99,46.32,1.2,Card,Grocery,Clear,false
33,Lucknow,1/9/2025,3:18 AM,DP040,24.8,35,18,13,false,true,Rider,470.98,29.29,4.9,Cash,Grocery,Rainy,false
34,Ahmedabad,1/7/2025,3:25 PM,DP027,29.69,38,19,68,false,true,Rider,342.22,35.75,4.1,Card,Snacks,Rainy,true
35,Ahmedabad,12/12/2025,12:24 AM,DP046,3.76,28,26,30,false,true,Customer,501.07,26.0,3.4,Cash,Pharmacy,Rainy,false
36,Bengaluru,1/30/2025,11:45 AM,DP044,9.59,0,22,68,false,true,Customer,898.21,50.73,1.1,UPI,Pharmacy,Rainy,false
37,Jaipur,10/3/2025,6:04 PM,DP013,9.12,20,58,63,true,false,Rider,549.12,45.38,4.3,Cash,Grocery,Clear,false
38,Chennai,7/1/2025,1:45 PM,DP025,3.16,6,16,17,true,true,Rider,641.72,34.92,2.3,Cash,Pharmacy,Rainy,false
39,Mumbai,3/3/2025,5:16 AM,DP027,23.39,8,53,39,true,true,Customer,1413.3,49.22,1.0,Cash,Snacks,Rainy,true
40,Pune,3/5/2025,12:01 PM,DP037,24.73,46,45,30,false,false,Customer,246.65,50.38,2.6,Cash,Snacks,Clear,true
41,Delhi,8/14/2025,6:53 AM,DP013,5.47,13,45,42,false,true,Weather,915.91,48.01,1.6,Cash,Snacks,Clear,false
42,Lucknow,8/11/2025,3:17 AM,DP005,14.76,42,41,22,false,true,Weather,671.73,17.23,3.1,Cash,Pharmacy,Rainy,true
43,Lucknow,8/1/2025,11:22 AM,DP030,27.9,3,26,34,false,true,Restaurant,263.78,27.03,5.0,UPI,Dairy,Clear,false
44,Hyderabad,2/5/2025,10:10 PM,DP012,1.85,33,24,39,true,false,Restaurant,624.03,77.09,4.3,UPI,Pharmacy,Clear,true
45,Pune,12/18/2025,1:30 PM,DP020,2.44,42,57,48,false,true,Customer,1372.5,34.65,3.0,Card,Snacks,Rainy,false
46,Bengaluru,3/22/2025,1:14 PM,DP049,12.64,32,29,51,false,true,Weather,845.42,12.61,1.3,Card,Dairy,Rainy,false
47,Hyderabad,3/2/2025,3:16 AM,DP018,11.98,53,48,18,true,true,Rider,515.2,42.05,1.3,Cash,Snacks,Rainy,false
48,Kolkata,4/23/2025,2:31 PM,DP027,24.35,40,48,26,false,true,Restaurant,238.43,38.98,3.5,UPI,Dairy,Clear,true
49,Bengaluru,3/25/2025,9:36 PM,DP039,25.31,1,36,58,true,true,Rider,444.71,23.57,3.6,Card,Pharmacy,Rainy,true
50,Pune,6/26/2025,1:12 PM,DP046,28.51,8,26,29,true,true,Customer,1415.17,78.67,4.9,UPI,Pharmacy,Rainy,false
51,Jaipur,4/21/2025,2:23 AM,DP022,6.56,45,18,31,true,true,Rider,472.44,52.98,3.2,Card,Pharmacy,Clear,false
52,Hyderabad,6/7/2025,12:27 PM,DP015,13.85,51,54,22,false,true,Restaurant,706.49,38.16,4.2,Card,Snacks,Rainy,true
53,Hyderabad,6/19/2025,5:19 PM,DP047,16.19,47,14,71,true,true,Customer,328.46,35.85,2.8,Cash,Bakery,Clear,true
54,Kolkata,5/1/2025,4:13 AM,DP048,25.04,29,29,84,true,true,Weather,253.22,76.55,4.4,Cash,Snacks,Clear,false
55,Delhi,1/16/2025,2:27 PM,DP010,22.4,33,17,58,false,false,Customer,165.93,70.11,3.6,Card,Pharmacy,Clear,false
56,Chennai,1/18/2025,12:51 AM,DP033,22.25,25,36,14,true,true,Restaurant,377.2,77.85,2.0,UPI,Grocery,Clear,true
57,Lucknow,8/12/2025,9:18 AM,DP001,26.86,6,40,74,false,false,Rider,733.89,56.54,3.9,Cash,Dairy,Rainy,false
58,Bengaluru,12/6/2025,4:05 PM,DP041,6.64,3,51,75,false,true,Weather,512.74,65.32,2.0,Card,Bakery,Clear,true
59,Hyderabad,11/7/2025,8:21 AM,DP048,14.3,0,58,26,true,true,Rider,157.47,70.17,3.3,Cash,Snacks,Rainy,false
60,Ahmedabad,11/15/2025,8:00 PM,DP021,22.55,3,12,61,true,true,Restaurant,737.86,28.27,4.6,UPI,Pharmacy,Rainy,true
61,Bengaluru,4/18/2025,6:47 AM,DP002,19.53,30,10,29,true,false,Customer,1179.29,52.7,4.7,Card,Grocery,Clear,true
62,Pune,10/15/2025,2:25 PM,DP050,23.32,14,58,37,false,false,Weather,579.0,59.21,3.9,UPI,Grocery,Clear,true
63,Mumbai,7/17/2025,5:13 PM,DP005,20.94,14,54,82,true,false,Rider,893.94,16.77,3.8,Cash,Snacks,Clear,true
64,Kolkata,11/22/2025,1:14 PM,DP043,5.42,6,53,61,false,false,Weather,717.65,45.5,1.9,UPI,Snacks,Rainy,false
65,Bengaluru,9/6/2025,9:01 PM,DP007,22.16,25,56,87,true,true,Restaurant,982.69,26.26,5.0,Cash,Grocery,Rainy,true
66,Chennai,10/27/2025,8:39 AM,DP004,14.29,49,59,62,false,false,Customer,199.88,63.2,2.5,Cash,Pharmacy,Rainy,true
67,Bengaluru,1/21/2025,12:22 PM,DP046,1.24,31,27,52,false,true,Rider,1488.76,46.02,2.7,UPI,Grocery,Rainy,false
68,Hyderabad,3/29/2025,8:32 PM,DP025,1.15,1,21,82,true,false,Weather,1143.02,70.29,4.1,UPI,Dairy,Rainy,true
69,Lucknow,7/12/2025,8:48 PM,DP044,23.74,6,14,69,false,true,Rider,447.16,57.94,3.2,UPI,Pharmacy,Clear,true
70,Ahmedabad,7/28/2025,7:54 PM,DP050,22.8,48,29,75,true,true,Rider,1277.94,33.68,3.9,Card,Pharmacy,Rainy,false
71,Mumbai,6/29/2025,12:03 AM,DP020,11.26,18,41,49,true,true,Rider,628.12,23.84,4.7,Card,Bakery,Rainy,false
72,Kolkata,12/6/2025,11:01 PM,DP016,24.11,5,12,35,false,false,Restaurant,1450.26,78.87,2.0,Cash,Grocery,Rainy,false
73,Jaipur,5/26/2025,12:40 AM,DP024,24.26,12,34,52,true,false,Restaurant,286.57,12.45,3.7,UPI,Dairy,Rainy,true
74,Chennai,6/27/2025,7:21 AM,DP032,20.88,29,28,59,true,true,Customer,292.73,35.76,4.4,Card,Grocery,Rainy,true
75,Bengaluru,2/17/2025,10:14 AM,DP035,4.23,28,16,43,true,true,Restaurant,199.8,33.35,1.2,UPI,Snacks,Clear,true
76,Kolkata,4/5/2025,2:12 AM,DP010,15.65,16,36,47,false,false,Restaurant,1108.74,24.45,1.2,UPI,Bakery,Rainy,true
77,Pune,11/19/2025,7:39 AM,DP031,17.31,4,31,68,false,false,Rider,1259.2,78.18,4.9,Cash,Dairy,Rainy,false
78,Chennai,12/2/2025,3:29 AM,DP039,2.61,6,11,63,true,true,Weather,1320.4,11.69,2.9,Card,Pharmacy,Clear,true
79,Chennai,4/7/2025,5:18 PM,DP009,6.55,33,15,38,true,true,Restaurant,923.4,12.7,2.4,UPI,Bakery,Rainy,true
80,Chennai,11/17/2025,12:07 PM,DP007,24.75,60,56,62,false,true,Customer,497.39,18.38,4.2,UPI,Snacks,Clear,false
81,Lucknow,6/11/2025,9:48 PM,DP025,26.76,20,46,45,true,true,Weather,1390.49,37.84,2.0,Cash,Grocery,Clear,false
82,Kolkata,12/30/2025,3:23 PM,DP041,8.83,41,27,68,true,false,Restaurant,1199.44,61.11,1.0,Cash,Dairy,Rainy,true
83,Chennai,4/29/2025,10:27 AM,DP047,3.11,52,32,86,false,true,Rider,568.68,61.1,2.3,UPI,Pharmacy,Rainy,true
84,Jaipur,5/15/2025,3:37 AM,DP025,25.92,54,22,79,true,true,Customer,209.97,51.84,2.3,Card,Grocery,Rainy,true
85,Mumbai,10/28/2025,9:14 AM,DP034,3.38,17,16,31,false,true,Weather,1434.41,43.31,2.1,Card,Grocery,Clear,false
86,Jaipur,4/29/2025,5:58 PM,DP019,2.73,2,57,87,true,false,Restaurant,1010.4,27.7,3.3,UPI,Pharmacy,Rainy,false
87,Lucknow,10/22/2025,2:12 PM,DP007,2.66,16,60,67,false,false,Rider,408.78,11.66,4.8,Cash,Pharmacy,Rainy,false
88,Bengaluru,10/28/2025,1:10 AM,DP005,19.88,59,49,23,true,false,Restaurant,463.87,51.95,2.5,Card,Snacks,Clear,false
89,Bengaluru,8/20/2025,11:42 PM,DP031,2.18,2,17,59,false,false,Weather,1274.43,20.64,1.1,UPI,Grocery,Rainy,true
90,Lucknow,12/17/2025,11:45 AM,DP011,24.02,41,41,29,false,true,Customer,738.46,55.27,3.0,Cash,Dairy,Rainy,true
91,Bengaluru,11/1/2025,9:14 AM,DP013,19.28,27,33,26,true,false,Customer,1283.84,16.39,1.7,Card,Pharmacy,Clear,true
92,Bengaluru,6/15/2025,3:06 PM,DP025,21.69,0,56,23,true,false,Restaurant,112.19,72.65,2.1,UPI,Snacks,Rainy,true
93,Kolkata,11/10/2025,6:21 PM,DP037,17.85,7,40,70,false,false,Weather,832.79,35.13,3.6,Cash,Bakery,Rainy,true
94,Mumbai,11/10/2025,3:01 PM,DP020,12.11,48,51,86,true,true,Rider,1362.15,22.54,3.7,Card,Grocery,Rainy,true
95,Mumbai,3/29/2025,11:34 PM,DP023,11.82,30,23,61,true,false,Restaurant,1151.89,64.0,1.7,Card,Dairy,Clear,true
96,Jaipur,6/6/2025,5:12 AM,DP023,19.12,47,56,26,false,false,Weather,210.63,45.99,2.4,UPI,Pharmacy,Rainy,true
97,Jaipur,3/30/2025,4:26 PM,DP048,3.11,55,29,35,false,false,Weather,1189.31,40.85,3.0,Cash,Grocery,Rainy,true
98,Pune,8/11/2025,12:16 AM,DP040,7.77,20,18,77,false,false,Customer,1378.37,49.53,2.0,Card,Snacks,Clear,false
99,Lucknow,7/20/2025,3:22 AM,DP005,14.0,45,27,19,true,true,Customer,1408.7,77.08,2.3,Cash,Snacks,Rainy,false
100,Chennai,2/11/2025,1:31 PM,DP015,18.31,58,26,25,true,true,Customer,1315.89,75.42,3.4,UPI,Pharmacy,Rainy,false
101,Mumbai,9/26/2025,6:26 PM,DP005,6.93,27,30,20,false,true,Rider,377.35,48.92,1.3,UPI,Snacks,Rainy,true
102,Jaipur,8/10/2025,3:58 PM,DP046,11.96,15,49,66,false,true,Customer,151.28,74.52,4.7,UPI,Pharmacy,Clear,true
103,Jaipur,2/26/2025,9:49 PM,DP044,25.75,53,50,30,true,true,Rider,1457.62,37.42,4.1,Card,Dairy,Rainy,false
104,Hyderabad,11/29/2025,11:00 PM,DP014,14.74,4,47,90,true,false,Customer,903.42,76.71,2.1,UPI,Bakery,Clear,true
105,Ahmedabad,5/10/2025,1:00 PM,DP015,8.62,52,52,23,true,false,Rider,507.14,45.98,1.2,UPI,Snacks,Clear,false
106,Pune,10/13/2025,1:22 AM,DP047,8.71,40,42,80,true,true,Rider,1143.82,56.63,4.0,UPI,Dairy,Clear,false
107,Chennai,7/11/2025,7:09 AM,DP024,10.19,38,45,48,true,false,Rider,620.83,68.4,2.4,Cash,Bakery,Clear,true
108,Kolkata,8/1/2025,4:30 AM,DP040,23.61,14,57,62,false,false,Restaurant,335.85,65.03,4.6,Card,Dairy,Rainy,false
109,Chennai,7/28/2025,9:26 AM,DP025,16.42,44,46,14,true,true,Weather,598.14,46.87,1.1,Cash,Bakery,Rainy,false
110,Ahmedabad,2/9/2025,4:54 AM,DP023,9.57,19,58,43,true,false,Rider,526.83,22.0,4.9,UPI,Bakery,Clear,false
111,Mumbai,9/7/2025,10:27 AM,DP002,9.91,20,43,58,false,false,Customer,1250.9,31.37,4.9,UPI,Bakery,Rainy,false
112,Kolkata,1/5/2025,12:08 AM,DP003,25.42,3,43,23,false,true,Restaurant,1428.08,71.69,4.3,Cash,Pharmacy,Clear,true
113,Jaipur,10/10/2025,2:00 AM,DP006,25.17,53,44,33,true,true,Rider,1405.98,69.93,4.2,Cash,Grocery,Clear,false
114,Hyderabad,12/9/2025,7:09 PM,DP016,18.91,6,45,75,false,false,Weather,151.58,51.48,3.3,UPI,Snacks,Rainy,true
115,Kolkata,6/4/2025,3:26 AM,DP045,10.85,58,57,47,true,false,Customer,284.29,18.0,4.2,Cash,Snacks,Rainy,false
116,Chennai,8/14/2025,11:07 AM,DP018,13.27,39,33,13,false,true,Rider,1328.24,32.27,3.4,UPI,Bakery,Rainy,true
117,Bengaluru,1/22/2025,8:36 AM,DP049,7.1,42,37,86,false,true,Weather,849.55,30.77,4.5,UPI,Dairy,Clear,true
118,Hyderabad,2/2/2025,7:51 PM,DP026,28.52,17,13,88,true,false,Weather,733.02,79.86,3.7,UPI,Bakery,Clear,false
119,Bengaluru,10/6/2025,2:32 PM,DP050,21.63,58,34,37,false,false,Customer,910.93,60.69,3.7,UPI,Pharmacy,Clear,false
120,Mumbai,2/21/2025,9:10 PM,DP026,20.73,48,16,66,true,true,Restaurant,710.86,36.02,3.4,UPI,Pharmacy,Clear,true
121,Mumbai,3/24/2025,12:49 AM,DP004,8.3,29,38,41,true,true,Restaurant,1326.56,23.77,3.3,Cash,Dairy,Rainy,false
122,Ahmedabad,2/19/2025,1:26 PM,DP024,8.01,26,44,77,false,false,Weather,1365.6,63.34,3.5,UPI,Dairy,Rainy,true
123,Jaipur,2/8/2025,3:54 PM,DP002,24.75,41,47,18,true,false,Weather,235.1,51.5,1.0,Cash,Pharmacy,Clear,true
124,Jaipur,7/14/2025,12:25 PM,DP013,9.33,25,30,79,true,false,Weather,883.34,60.47,3.9,Cash,Dairy,Rainy,true
125,Mumbai,8/15/2025,12:49 AM,DP046,9.06,11,54,72,true,true,Weather,1148.22,66.26,3.5,Cash,Bakery,Clear,false
126,Lucknow,1/10/2025,12:01 PM,DP042,1.45,24,47,55,false,true,Weather,476.08,66.5,2.3,Cash,Pharmacy,Clear,true
127,Kolkata,6/19/2025,10:39 AM,DP028,19.72,13,35,46,false,false,Customer,717.87,75.06,3.6,UPI,Snacks,Rainy,false
128,Jaipur,7/22/2025,4:54 AM,DP018,9.95,43,10,65,false,false,Customer,150.48,27.07,1.6,UPI,Pharmacy,Clear,true
129,Hyderabad,4/20/2025,4:03 AM,DP005,28.22,29,18,73,false,false,Weather,965.61,61.96,1.8,Cash,Snacks,Rainy,false
130,Kolkata,2/23/2025,1:39 AM,DP040,18.16,6,36,76,true,true,Weather,411.02,66.91,1.7,UPI,Pharmacy,Clear,false
131,Bengaluru,1/22/2025,4:47 PM,DP031,1.18,17,44,66,true,true,Weather,364.45,64.75,4.0,Cash,Snacks,Clear,true
132,Hyderabad,11/2/2025,10:24 AM,DP044,23.55,27,47,10,false,true,Rider,1058.71,31.18,3.2,UPI,Snacks,Rainy,true
133,Mumbai,10/13/2025,2:18 PM,DP009,14.2,21,32,71,false,true,Restaurant,661.82,37.44,1.1,Card,Grocery,Clear,true
134,Pune,4/17/2025,2:30 AM,DP030,17.46,31,37,71,false,false,Restaurant,815.41,60.28,2.4,Card,Grocery,Rainy,true
135,Ahmedabad,4/21/2025,11:40 AM,DP032,9.89,18,24,22,true,false,Customer,784.09,73.79,1.8,UPI,Snacks,Clear,true
136,Chennai,11/17/2025,8:02 PM,DP016,10.22,36,45,45,true,true,Rider,1406.62,61.17,3.7,UPI,Pharmacy,Rainy,true
137,Pune,5/15/2025,7:06 AM,DP010,29.28,26,47,12,false,true,Weather,1291.76,12.23,1.0,Card,Pharmacy,Rainy,true
138,Hyderabad,7/7/2025,10:52 AM,DP047,21.77,47,20,63,true,true,Customer,904.26,25.7,2.2,Card,Snacks,Clear,false
139,Hyderabad,9/28/2025,2:38 AM,DP025,19.46,50,44,87,false,true,Restaurant,692.13,43.14,4.0,Card,Grocery,Clear,true
140,Lucknow,4/8/2025,4:59 PM,DP014,21.06,3,23,29,true,false,Restaurant,969.54,57.92,1.5,Card,Snacks,Clear,false
141,Jaipur,11/9/2025,5:32 PM,DP016,21.99,1,42,55,true,false,Weather,776.32,10.35,3.3,Cash,Dairy,Clear,false
142,Pune,4/20/2025,1:51 AM,DP047,15.67,38,52,64,true,false,Customer,1482.57,59.72,4.3,Cash,Dairy,Clear,false
143,Jaipur,10/27/2025,6:10 AM,DP036,16.32,21,15,52,false,true,Rider,546.59,16.45,3.7,Cash,Bakery,Rainy,false
144,Kolkata,4/2/2025,3:34 AM,DP049,15.27,49,60,30,true,false,Customer,1220.09,77.45,3.0,UPI,Grocery,Rainy,false
145,Pune,7/17/2025,6:45 PM,DP017,5.66,25,53,86,false,false,Customer,1209.1,62.93,2.8,Card,Snacks,Rainy,true
146,Kolkata,2/22/2025,4:37 AM,DP019,20.71,46,44,58,true,true,Weather,1174.28,38.24,3.9,UPI,Pharmacy,Rainy,true
147,Mumbai,9/23/2025,10:29 PM,DP027,1.99,57,39,24,false,false,Customer,1467.72,69.4,2.0,UPI,Snacks,Clear,false
148,Mumbai,4/6/2025,3:40 PM,DP040,14.9,37,40,70,true,true,Customer,708.39,32.57,4.4,Card,Dairy,Clear,false
149,Jaipur,6/16/2025,2:52 AM,DP049,23.24,19,39,50,true,false,Customer,295.3,30.35,1.9,Cash,Bakery,Clear,false
150,Jaipur,4/26/2025,5:24 AM,DP009,5.69,33,24,65,false,false,Weather,978.12,17.42,3.0,Cash,Bakery,Rainy,true
151,Ahmedabad,6/2/2025,4:33 PM,DP006,23.92,59,16,10,false,true,Rider,290.84,29.92,2.0,UPI,Dairy,Clear,false
152,Kolkata,3/16/2025,8:59 AM,DP002,23.1,60,31,71,true,false,Restaurant,413.33,31.05,3.3,Cash,Bakery,Clear,true
153,Mumbai,9/25/2025,4:44 PM,DP016,23.49,43,48,69,true,true,Weather,310.51,28.55,1.9,Card,Dairy,Rainy,false
154,Hyderabad,12/29/2025,7:46 AM,DP005,25.32,8,53,78,true,true,Weather,420.08,22.61,2.2,Cash,Pharmacy,Rainy,false
155,Pune,5/18/2025,2:28 PM,DP049,6.71,19,25,80,false,false,Rider,824.93,71.84,2.3,Cash,Snacks,Clear,false
156,Chennai,10/2/2025,8:10 AM,DP022,9.9,60,15,45,false,false,Rider,985.18,58.72,4.1,UPI,Grocery,Clear,true
157,Hyderabad,5/12/2025,12:52 PM,DP039,5.08,38,26,73,false,false,Weather,1347.87,18.1,2.1,UPI,Dairy,Clear,false
158,Bengaluru,6/14/2025,2:33 AM,DP005,2.64,43,24,58,false,false,Weather,521.26,79.17,1.0,UPI,Bakery,Rainy,true
159,Chennai,11/15/2025,2:10 PM,DP037,5.48,50,35,76,false,false,Customer,1108.94,10.82,2.7,Cash,Bakery,Rainy,false
160,Chennai,9/12/2025,10:00 PM,DP001,12.72,30,31,70,true,false,Weather,1437.33,30.12,1.9,Card,Pharmacy,Rainy,false
161,Kolkata,2/9/2025,3:48 PM,DP033,14.67,0,58,60,false,false,Weather,186.96,26.93,1.5,UPI,Snacks,Rainy,false
162,Lucknow,8/9/2025,12:03 AM,DP029,5.89,38,58,66,true,true,Rider,772.25,23.86,1.7,Card,Pharmacy,Clear,false
163,Lucknow,11/7/2025,3:06 PM,DP035,6.94,40,18,71,false,false,Customer,1366.19,69.1,1.1,Cash,Pharmacy,Rainy,false
164,Chennai,3/2/2025,7:11 PM,DP039,13.72,8,31,71,true,false,Weather,1471.37,59.68,3.7,UPI,Bakery,Rainy,true
165,Lucknow,9/13/2025,5:33 PM,DP009,29.85,39,33,76,false,false,Restaurant,1063.15,16.88,3.6,UPI,Grocery,Rainy,true
166,Kolkata,10/13/2025,12:14 PM,DP028,27.78,24,29,76,false,true,Weather,1392.49,53.49,2.9,Card,Pharmacy,Rainy,false
167,Ahmedabad,4/19/2025,7:59 PM,DP038,21.9,4,31,22,false,true,Weather,1498.21,11.07,3.4,UPI,Grocery,Clear,true
168,Chennai,4/20/2025,3:01 PM,DP039,24.73,36,57,40,false,true,Restaurant,1414.72,72.66,1.8,Cash,Snacks,Rainy,true
169,Delhi,3/20/2025,10:46 AM,DP017,12.28,32,39,70,true,true,Weather,1447.87,43.37,2.8,UPI,Pharmacy,Rainy,true
170,Mumbai,12/22/2025,7:04 PM,DP011,27.26,43,14,11,false,false,Weather,411.04,74.11,4.5,Card,Grocery,Rainy,true
171,Bengaluru,2/9/2025,3:47 PM,DP008,18.4,11,54,37,true,false,Customer,129.26,54.77,1.1,Cash,Dairy,Rainy,true
172,Kolkata,1/4/2025,8:37 AM,DP024,4.38,23,39,56,false,false,Restaurant,643.29,32.59,1.8,UPI,Dairy,Rainy,true
173,Pune,7/31/2025,7:15 AM,DP042,1.14,2,47,36,false,true,Rider,585.8,44.05,2.0,Card,Grocery,Rainy,true
174,Jaipur,11/10/2025,11:02 AM,DP017,28.61,22,10,45,false,false,Restaurant,316.1,72.58,2.2,Card,Grocery,Rainy,false
175,Ahmedabad,2/8/2025,3:24 PM,DP035,15.35,50,48,79,false,true,Rider,697.47,29.38,3.7,Cash,Bakery,Rainy,false
176,Mumbai,8/14/2025,10:38 AM,DP046,9.7,8,38,70,false,true,Restaurant,1112.49,34.68,3.9,Cash,Snacks,Clear,true
177,Lucknow,5/29/2025,10:56 AM,DP012,16.08,30,56,65,false,true,Weather,1154.63,48.3,3.4,Card,Bakery,Clear,false
178,Jaipur,2/13/2025,11:43 PM,DP050,2.95,25,27,27,true,true,Rider,1468.53,76.73,3.1,Cash,Bakery,Rainy,true
179,Mumbai,7/26/2025,12:45 AM,DP031,7.19,44,36,76,false,false,Customer,1246.87,12.59,1.2,Cash,Snacks,Clear,true
180,Pune,7/20/2025,6:08 PM,DP034,2.21,40,44,79,false,true,Customer,697.53,23.9,1.9,Card,Grocery,Clear,true
181,Delhi,9/18/2025,2:02 AM,DP037,27.07,34,31,67,true,false,Customer,266.14,65.88,4.4,UPI,Snacks,Rainy,true
182,Bengaluru,8/25/2025,10:48 AM,DP039,20.02,15,15,73,true,false,Restaurant,704.79,19.31,2.0,UPI,Grocery,Clear,false
183,Pune,10/29/2025,5:02 AM,DP019,24.54,37,56,21,false,false,Restaurant,1347.53,26.08,1.8,Cash,Pharmacy,Clear,true
184,Bengaluru,5/20/2025,12:29 PM,DP038,12.64,2,37,84,false,true,Weather,294.96,65.45,2.2,Card,Bakery,Rainy,false
185,Jaipur,5/9/2025,5:11 PM,DP044,1.54,16,15,19,false,false,Rider,714.35,14.84,4.2,Card,Bakery,Rainy,true
186,Chennai,5/6/2025,3:41 PM,DP042,6.65,46,26,55,false,true,Customer,1407.18,44.52,4.7,Card,Grocery,Clear,true
187,Kolkata,4/12/2025,5:42 PM,DP030,28.86,40,49,43,true,true,Weather,399.79,62.63,3.9,Card,Pharmacy,Clear,false
188,Ahmedabad,10/16/2025,6:29 AM,DP037,27.6,57,59,61,false,false,Customer,1054.16,55.34,4.3,Cash,Dairy,Rainy,true
189,Hyderabad,1/4/2025,10:06 AM,DP022,10.1,57,57,26,true,true,Customer,526.55,73.8,4.9,UPI,Snacks,Rainy,true
190,Jaipur,8/30/2025,8:30 PM,DP032,2.57,19,60,84,true,false,Restaurant,1180.5,30.1,4.9,Cash,Grocery,Clear,true
191,Pune,10/16/2025,10:24 PM,DP021,24.19,12,14,19,false,true,Rider,950.02,74.23,3.4,Cash,Dairy,Rainy,true
192,Ahmedabad,6/2/2025,3:15 AM,DP029,27.65,13,55,24,false,true,Restaurant,851.73,69.08,1.2,UPI,Grocery,Rainy,true
193,Delhi,7/1/2025,6:46 PM,DP035,16.05,29,21,54,false,false,Rider,213.62,21.6,3.1,Card,Snacks,Rainy,true
194,Pune,12/8/2025,4:20 AM,DP011,28.08,13,49,82,true,false,Rider,1246.04,33.37,4.9,UPI,Bakery,Clear,true
195,Ahmedabad,7/31/2025,7:58 PM,DP035,14.4,4,37,81,false,true,Restaurant,1447.38,33.18,1.9,Card,Pharmacy,Rainy,false
196,Jaipur,10/31/2025,11:01 PM,DP010,8.06,37,17,44,false,false,Rider,821.0,17.71,2.9,UPI,Snacks,Rainy,true
197,Jaipur,1/3/2025,6:34 PM,DP006,15.78,46,56,72,false,false,Customer,1260.45,14.25,2.8,Card,Pharmacy,Clear,false
198,Mumbai,12/10/2025,3:16 PM,DP006,12.63,60,24,80,true,false,Customer,198.0,53.99,4.4,UPI,Grocery,Clear,true
199,Chennai,5/28/2025,4:56 AM,DP031,10.48,52,31,26,true,false,Weather,1312.76,29.75,2.5,Cash,Bakery,Rainy,false
200,Lucknow,9/20/2025,9:24 AM,DP015,26.1,17,34,51,false,false,Weather,704.78,17.5,3.2,UPI,Dairy,Rainy,false
201,Lucknow,9/5/2025,8:11 PM,DP022,9.66,44,17,74,false,true,Restaurant,1168.06,68.76,1.1,Cash,Bakery,Rainy,false
202,Hyderabad,12/7/2025,1:42 PM,DP032,24.97,46,18,14,false,true,Restaurant,579.04,26.43,1.8,Cash,Dairy,Rainy,true
203,Kolkata,4/26/2025,8:36 PM,DP029,7.85,4,39,15,false,false,Customer,1071.03,68.79,2.2,Card,Grocery,Rainy,true
204,Lucknow,7/29/2025,3:23 PM,DP020,28.15,6,32,36,true,true,Restaurant,555.44,76.2,2.6,Card,Dairy,Clear,true
205,Hyderabad,3/30/2025,10:32 PM,DP016,6.52,55,15,51,true,false,Restaurant,781.55,47.49,1.9,Cash,Bakery,Rainy,false
206,Bengaluru,4/16/2025,5:21 AM,DP001,3.23,16,34,26,false,true,Customer,1320.95,22.5,3.5,Card,Grocery,Clear,false
207,Jaipur,7/18/2025,10:54 AM,DP016,18.58,39,16,30,false,false,Weather,832.11,40.14,4.1,Cash,Snacks,Clear,false
208,Chennai,8/31/2025,3:30 PM,DP011,15.19,49,24,87,false,true,Customer,834.05,64.05,4.4,UPI,Dairy,Rainy,false
209,Mumbai,7/19/2025,4:45 AM,DP006,2.26,2,14,16,false,true,Restaurant,212.6,45.37,3.9,UPI,Snacks,Rainy,true
210,Mumbai,12/4/2025,10:58 PM,DP050,26.33,1,50,41,true,true,Weather,632.22,12.08,3.7,Card,Pharmacy,Clear,false
211,Kolkata,3/20/2025,8:32 AM,DP021,18.64,20,57,18,true,true,Restaurant,694.1,49.45,4.5,UPI,Snacks,Clear,true
212,Lucknow,4/2/2025,8:29 PM,DP036,12.78,55,44,17,false,false,Customer,445.75,40.76,2.1,Card,Grocery,Clear,true
213,Lucknow,2/22/2025,11:49 PM,DP008,3.2,59,20,10,true,false,Weather,455.0,18.43,2.9,Cash,Pharmacy,Rainy,false
214,Jaipur,2/5/2025,6:23 AM,DP045,23.48,45,10,42,false,true,Weather,1134.55,74.2,5.0,UPI,Grocery,Clear,false
215,Mumbai,1/3/2025,9:11 PM,DP008,3.89,48,50,80,false,true,Customer,940.6,42.83,3.2,Card,Dairy,Clear,false
216,Hyderabad,3/4/2025,10:16 PM,DP018,3.51,28,31,55,true,false,Restaurant,1031.99,38.87,3.0,Cash,Bakery,Clear,false
217,Hyderabad,12/13/2025,8:25 AM,DP027,2.32,19,18,55,false,true,Weather,514.9,45.16,1.1,UPI,Grocery,Rainy,true
218,Chennai,4/25/2025,12:50 PM,DP025,24.97,16,55,74,false,false,Customer,201.03,22.09,4.9,UPI,Snacks,Rainy,false
219,Jaipur,3/31/2025,4:32 PM,DP011,28.46,52,39,31,true,true,Rider,407.04,58.01,3.2,Cash,Grocery,Rainy,false
220,Bengaluru,8/17/2025,2:10 AM,DP007,6.72,37,26,70,true,true,Weather,1286.35,73.82,2.9,Card,Grocery,Clear,true
221,Pune,8/1/2025,8:04 AM,DP007,12.11,17,12,75,true,true,Weather,1068.04,24.12,4.5,UPI,Grocery,Rainy,true
222,Chennai,2/8/2025,11:41 AM,DP046,18.61,43,47,24,true,true,Customer,715.81,63.08,4.7,UPI,Grocery,Rainy,false
223,Kolkata,11/7/2025,8:33 AM,DP031,17.3,42,44,88,false,false,Rider,1380.6,10.39,4.0,Cash,Grocery,Clear,false
224,Bengaluru,12/24/2025,9:23 AM,DP030,14.27,38,19,59,false,true,Restaurant,587.21,71.26,1.9,UPI,Dairy,Rainy,false
225,Hyderabad,6/29/2025,10:49 AM,DP030,2.1,2,60,44,true,true,Weather,276.71,43.07,4.7,UPI,Grocery,Clear,true
226,Lucknow,1/25/2025,2:15 PM,DP019,15.55,58,54,43,true,false,Rider,163.1,20.16,2.0,Cash,Dairy,Clear,false
227,Kolkata,3/6/2025,7:24 PM,DP045,20.7,42,15,17,false,false,Weather,930.89,62.21,2.6,Card,Grocery,Clear,true
228,Ahmedabad,6/17/2025,5:00 AM,DP023,12.73,22,44,80,true,true,Customer,258.04,10.52,1.8,UPI,Grocery,Rainy,true
229,Ahmedabad,9/3/2025,3:09 AM,DP002,27.27,10,13,12,true,true,Restaurant,661.32,75.89,2.6,UPI,Dairy,Clear,false
230,Bengaluru,2/21/2025,10:48 PM,DP032,20.24,20,21,17,false,false,Rider,646.03,57.77,3.2,UPI,Grocery,Clear,false
231,Delhi,12/7/2025,12:40 AM,DP029,7.26,23,32,16,true,false,Weather,1260.42,70.11,2.3,Cash,Grocery,Clear,true
232,Pune,4/9/2025,12:54 PM,DP026,13.49,24,14,50,false,true,Weather,980.01,38.16,4.8,Card,Bakery,Rainy,true
233,Kolkata,5/23/2025,11:13 AM,DP005,24.82,5,49,23,false,false,Customer,1251.93,16.1,2.3,UPI,Pharmacy,Clear,true
234,Hyderabad,1/13/2025,1:18 AM,DP029,2.26,52,22,29,true,false,Customer,730.51,52.94,3.8,Card,Grocery,Rainy,true
235,Hyderabad,1/5/2025,5:24 AM,DP018,8.07,45,29,50,true,true,Rider,107.7,39.79,1.3,Card,Pharmacy,Clear,true
236,Lucknow,2/19/2025,7:08 AM,DP044,26.12,35,38,87,true,false,Customer,463.83,17.34,5.0,Cash,Dairy,Clear,false
237,Pune,12/26/2025,10:22 AM,DP036,20.46,21,13,40,false,false,Restaurant,220.51,34.59,1.0,Cash,Snacks,Rainy,false
238,Bengaluru,1/22/2025,2:39 AM,DP025,13.04,37,59,82,true,true,Rider,1235.4,36.4,3.0,UPI,Dairy,Rainy,true
239,Mumbai,12/17/2025,9:12 AM,DP007,29.98,2,10,65,true,true,Weather,1184.6,16.65,3.6,Cash,Grocery,Clear,true
240,Ahmedabad,12/11/2025,5:06 AM,DP027,19.43,39,51,40,false,true,Weather,757.38,33.76,1.9,Card,Bakery,Clear,true
241,Jaipur,9/7/2025,11:18 PM,DP006,11.3,34,30,83,true,true,Restaurant,1308.55,42.35,4.6,UPI,Dairy,Clear,true
242,Chennai,12/27/2025,8:19 AM,DP039,26.04,15,51,29,false,true,Rider,721.47,68.59,4.4,Card,Grocery,Clear,true
243,Ahmedabad,12/30/2025,3:01 PM,DP029,9.65,58,16,40,true,false,Restaurant,1488.11,68.57,3.4,UPI,Bakery,Rainy,true
244,Lucknow,6/21/2025,6:22 AM,DP019,16.17,29,14,47,false,false,Restaurant,171.74,76.5,3.1,UPI,Grocery,Rainy,false
245,Chennai,8/25/2025,9:34 PM,DP048,15.4,26,59,86,true,false,Customer,1131.92,18.98,2.0,UPI,Snacks,Rainy,false
246,Ahmedabad,9/3/2025,11:39 PM,DP003,18.7,33,28,56,false,false,Restaurant,141.27,45.37,4.0,Card,Bakery,Clear,true
247,Delhi,1/6/2025,5:58 AM,DP009,29.87,53,37,22,true,false,Customer,350.99,25.2,3.9,Card,Pharmacy,Clear,true
248,Kolkata,10/20/2025,6:35 AM,DP027,25.59,39,45,77,false,true,Rider,158.36,24.4,3.0,Cash,Snacks,Rainy,true
249,Kolkata,6/22/2025,1:55 AM,DP046,22.69,47,54,86,false,false,Customer,1259.11,46.36,3.4,UPI,Snacks,Rainy,true
250,Pune,11/23/2025,3:41 AM,DP016,19.97,2,38,63,false,false,Customer,654.23,18.84,4.6,UPI,Bakery,Rainy,false
251,Jaipur,1/26/2025,7:56 PM,DP025,18.59,40,21,49,true,true,Rider,642.89,56.04,2.3,UPI,Dairy,Clear,false
252,Lucknow,9/25/2025,1:58 AM,DP009,28.99,14,48,55,true,false,Restaurant,785.21,68.08,3.7,Cash,Grocery,Rainy,false
253,Bengaluru,7/21/2025,8:10 AM,DP003,2.25,7,60,88,false,false,Rider,749.25,15.29,4.0,Cash,Pharmacy,Clear,false
254,Kolkata,11/8/2025,6:51 AM,DP017,4.15,0,57,74,true,false,Restaurant,1180.45,47.81,4.2,Cash,Pharmacy,Rainy,false
255,Mumbai,10/28/2025,4:01 PM,DP011,25.99,6,29,28,true,false,Customer,820.28,71.29,4.6,UPI,Bakery,Rainy,true
256,Chennai,12/14/2025,10:34 AM,DP048,29.77,41,34,16,false,false,Customer,750.36,34.34,2.6,Card,Snacks,Clear,false
257,Chennai,4/5/2025,3:21 PM,DP011,4.34,21,33,44,true,true,Weather,551.45,63.19,3.8,UPI,Snacks,Rainy,true
258,Hyderabad,9/7/2025,5:35 AM,DP022,1.74,36,40,39,true,true,Rider,1118.9,41.67,4.5,UPI,Grocery,Rainy,true
259,Lucknow,9/9/2025,2:32 PM,DP043,22.43,3,42,37,true,true,Customer,291.33,22.43,2.6,Cash,Snacks,Rainy,false
260,Hyderabad,1/5/2025,2:40 PM,DP044,26.76,23,37,90,false,false,Customer,357.0,61.21,2.3,UPI,Bakery,Rainy,true
261,Chennai,6/27/2025,3:08 PM,DP031,2.28,45,11,68,false,true,Customer,730.99,10.21,5.0,Card,Pharmacy,Clear,false
262,Kolkata,1/26/2025,6:29 AM,DP045,4.63,54,51,34,true,true,Rider,125.71,10.43,2.5,UPI,Dairy,Rainy,false
263,Delhi,9/11/2025,8:09 PM,DP041,29.09,30,47,42,true,true,Customer,434.38,76.76,4.3,UPI,Bakery,Clear,true
264,Bengaluru,1/12/2025,8:59 PM,DP015,22.68,36,58,41,false,false,Rider,1385.01,55.96,4.5,UPI,Snacks,Clear,false
265,Delhi,6/10/2025,6:00 AM,DP021,6.16,0,11,89,true,false,Weather,1093.33,31.2,4.6,UPI,Pharmacy,Clear,true
266,Pune,5/19/2025,5:35 PM,DP013,7.61,52,51,46,false,true,Rider,757.58,14.17,4.8,Cash,Bakery,Rainy,false
267,Pune,6/8/2025,1:24 AM,DP036,28.53,45,58,89,false,true,Rider,1054.48,25.61,4.3,Cash,Grocery,Clear,true
268,Delhi,8/8/2025,3:05 AM,DP019,16.81,7,27,86,false,false,Weather,1439.14,71.42,2.4,UPI,Snacks,Rainy,true
269,Ahmedabad,8/15/2025,1:45 AM,DP007,5.36,56,38,42,false,false,Restaurant,1414.61,14.76,1.7,Card,Dairy,Rainy,false
270,Pune,5/15/2025,8:12 AM,DP050,11.22,27,13,56,true,true,Restaurant,569.77,31.26,2.6,Card,Grocery,Rainy,true
271,Ahmedabad,5/1/2025,2:42 AM,DP018,20.76,29,43,48,true,false,Customer,1177.82,29.57,3.4,UPI,Bakery,Rainy,false
272,Chennai,2/27/2025,4:15 PM,DP024,29.04,56,27,56,false,true,Customer,1380.81,17.94,1.1,Card,Pharmacy,Rainy,true
273,Pune,8/14/2025,1:33 AM,DP040,23.76,43,31,71,true,false,Customer,877.97,46.46,1.9,UPI,Grocery,Clear,false
274,Kolkata,11/7/2025,8:07 AM,DP049,1.55,44,10,12,true,false,Weather,339.98,48.14,4.1,Cash,Grocery,Rainy,true
275,Mumbai,10/1/2025,3:47 AM,DP044,16.82,35,15,85,false,false,Customer,1305.26,79.88,4.2,UPI,Dairy,Clear,true
276,Delhi,12/30/2025,7:36 PM,DP027,14.52,9,57,17,false,false,Customer,884.12,32.0,1.2,Cash,Pharmacy,Clear,false
277,Pune,7/9/2025,6:18 PM,DP008,3.35,27,43,82,true,true,Weather,1045.47,13.21,2.3,Cash,Snacks,Clear,true
278,Chennai,4/12/2025,6:49 PM,DP032,26.28,58,20,20,false,false,Restaurant,1080.14,24.07,2.5,UPI,Grocery,Rainy,true
279,Chennai,8/8/2025,7:52 PM,DP028,11.93,2,10,59,true,true,Customer,300.73,76.48,4.4,UPI,Bakery,Clear,true
280,Hyderabad,5/17/2025,5:55 PM,DP040,8.12,16,20,56,false,true,Customer,234.44,20.8,3.4,UPI,Pharmacy,Rainy,false
281,Pune,12/26/2025,11:35 PM,DP014,22.96,37,20,43,true,true,Rider,1042.22,19.24,2.5,Cash,Bakery,Clear,false
282,Ahmedabad,1/1/2025,4:12 AM,DP025,4.82,22,27,53,false,false,Rider,277.64,52.78,2.3,Cash,Dairy,Clear,false
283,Jaipur,5/1/2025,3:35 PM,DP017,6.56,0,26,31,false,true,Customer,1233.79,32.99,2.6,Cash,Grocery,Clear,true
284,Lucknow,10/12/2025,6:36 AM,DP042,9.45,53,46,73,false,true,Restaurant,1303.41,47.92,1.9,UPI,Snacks,Clear,false
285,Jaipur,6/21/2025,1:02 AM,DP029,18.46,50,14,59,true,true,Weather,1348.73,62.63,1.6,Card,Grocery,Clear,false
286,Jaipur,8/16/2025,6:02 PM,DP026,18.7,26,24,37,true,false,Customer,660.55,38.76,3.3,Cash,Grocery,Rainy,false
287,Jaipur,7/8/2025,10:21 PM,DP001,18.3,5,14,46,true,false,Rider,896.74,31.59,2.2,UPI,Grocery,Clear,true
288,Ahmedabad,10/18/2025,7:52 PM,DP037,4.02,6,48,47,false,false,Restaurant,241.58,11.48,2.5,UPI,Bakery,Clear,true
289,Bengaluru,4/21/2025,2:56 AM,DP039,24.01,17,32,74,false,false,Weather,1294.11,39.7,1.5,Cash,Bakery,Clear,true
290,Mumbai,8/1/2025,10:04 AM,DP024,21.77,33,32,68,true,true,Restaurant,1455.42,46.26,2.2,Card,Snacks,Rainy,false
291,Delhi,4/17/2025,6:36 PM,DP044,17.14,9,35,57,true,false,Weather,966.91,45.63,4.8,UPI,Bakery,Clear,true
292,Pune,12/10/2025,7:04 PM,DP035,29.69,22,10,66,false,true,Customer,1332.95,52.59,3.7,Cash,Dairy,Clear,true
293,Bengaluru,5/12/2025,8:25 PM,DP002,20.35,10,22,73,true,false,Weather,1473.6,74.82,3.0,Cash,Grocery,Clear,true
294,Mumbai,5/11/2025,3:02 AM,DP016,1.36,57,11,70,false,false,Restaurant,620.79,58.13,3.6,UPI,Bakery,Rainy,false
295,Chennai,2/21/2025,10:28 PM,DP039,27.85,43,16,53,true,false,Rider,327.41,40.61,3.0,Cash,Dairy,Clear,true
296,Bengaluru,5/23/2025,12:33 PM,DP035,8.0,41,19,33,true,true,Customer,296.49,74.45,4.7,Card,Bakery,Rainy,false
297,Mumbai,3/27/2025,1:25 PM,DP034,27.47,11,15,17,true,false,Restaurant,1362.19,30.56,1.6,UPI,Bakery,Clear,true
298,Kolkata,1/22/2025,8:59 PM,DP029,19.48,41,59,57,true,true,Customer,1222.85,44.74,2.1,Cash,Bakery,Rainy,true
299,Delhi,6/10/2025,1:36 AM,DP034,1.94,41,26,37,true,true,Restaurant,732.18,16.37,4.1,Cash,Snacks,Clear,true
300,Lucknow,5/5/2025,3:24 PM,DP049,17.66,38,13,16,true,true,Restaurant,312.66,34.26,2.7,UPI,Pharmacy,Clear,true
301,Delhi,7/22/2025,12:47 PM,DP009,1.29,29,26,56,false,false,Weather,113.95,10.99,3.1,UPI,Pharmacy,Clear,true
302,Chennai,6/28/2025,5:07 PM,DP016,5.87,36,47,58,false,true,Weather,1171.72,33.22,2.1,Card,Dairy,Clear,true
303,Ahmedabad,4/18/2025,10:48 PM,DP047,12.45,9,14,85,true,false,Rider,592.32,57.14,2.2,UPI,Bakery,Rainy,true
304,Pune,4/16/2025,11:57 AM,DP034,9.06,15,53,70,true,false,Rider,387.55,44.95,1.8,UPI,Dairy,Clear,false
305,Kolkata,11/7/2025,5:01 PM,DP023,14.62,36,57,66,false,true,Restaurant,1194.97,21.65,4.5,Cash,Bakery,Rainy,true
306,Mumbai,7/22/2025,8:50 PM,DP039,8.58,46,49,43,true,true,Weather,1268.91,43.45,1.8,UPI,Bakery,Clear,false
307,Hyderabad,6/22/2025,12:03 PM,DP013,17.06,21,42,52,false,false,Customer,359.11,63.71,2.0,Card,Snacks,Rainy,false
308,Lucknow,8/19/2025,5:49 PM,DP020,14.51,7,51,71,false,true,Restaurant,1205.08,49.15,3.9,Cash,Grocery,Rainy,false
309,Hyderabad,3/19/2025,3:04 AM,DP043,7.77,34,22,52,true,false,Weather,1438.77,29.02,3.9,Cash,Pharmacy,Clear,false
310,Kolkata,4/22/2025,2:15 PM,DP008,6.13,21,58,74,true,true,Rider,1303.51,52.65,2.7,Cash,Grocery,Rainy,true
311,Pune,8/20/2025,12:22 AM,DP039,28.66,52,37,74,true,false,Customer,219.76,49.77,1.4,Cash,Grocery,Clear,true
312,Delhi,4/11/2025,1:55 AM,DP023,19.34,56,54,50,true,true,Rider,949.77,76.81,1.1,Cash,Bakery,Rainy,true
313,Jaipur,12/18/2025,9:51 PM,DP044,8.74,31,34,80,false,false,Rider,936.32,66.78,2.0,Cash,Grocery,Rainy,true
314,Hyderabad,10/21/2025,5:23 PM,DP030,21.1,10,51,55,true,true,Restaurant,762.04,30.87,2.2,Card,Pharmacy,Clear,false
315,Chennai,11/9/2025,7:39 AM,DP020,2.3,31,57,46,false,true,Weather,256.24,47.7,4.9,UPI,Pharmacy,Clear,false
316,Pune,9/27/2025,9:20 PM,DP012,22.31,19,21,27,true,false,Restaurant,309.76,60.37,2.3,UPI,Pharmacy,Clear,false
317,Chennai,2/1/2025,5:09 PM,DP018,21.47,27,26,22,false,false,Customer,283.81,16.86,4.8,Cash,Pharmacy,Rainy,true
318,Jaipur,10/31/2025,2:10 PM,DP001,8.07,55,17,39,true,false,Customer,247.68,10.15,5.0,UPI,Bakery,Rainy,false
319,Ahmedabad,4/18/2025,5:09 PM,DP013,17.7,48,46,59,true,true,Weather,767.11,31.63,4.2,UPI,Dairy,Rainy,true
320,Jaipur,4/8/2025,8:40 AM,DP036,18.45,37,28,31,false,true,Rider,1117.34,76.28,2.9,Cash,Dairy,Clear,true
321,Jaipur,11/29/2025,11:32 AM,DP015,24.58,48,45,48,true,false,Rider,1269.24,70.55,2.5,Card,Grocery,Clear,true
322,Mumbai,9/11/2025,1:24 AM,DP030,14.53,50,30,36,true,false,Rider,1042.58,26.61,4.2,UPI,Snacks,Clear,false
323,Lucknow,8/9/2025,3:23 AM,DP047,26.67,59,45,52,true,false,Rider,1247.99,61.69,3.7,Card,Bakery,Clear,true
324,Pune,10/8/2025,5:58 AM,DP020,2.06,55,39,34,true,true,Rider,802.05,52.48,3.3,Cash,Pharmacy,Rainy,true
325,Pune,1/21/2025,11:47 AM,DP038,15.26,1,57,19,true,false,Rider,1124.7,72.39,2.8,UPI,Pharmacy,Rainy,true
326,Lucknow,8/31/2025,6:30 PM,DP020,9.04,9,41,27,true,true,Rider,756.95,55.99,3.5,Card,Bakery,Clear,true
327,Bengaluru,8/13/2025,9:24 AM,DP003,18.94,50,37,24,false,true,Weather,774.46,38.5,3.3,Cash,Grocery,Rainy,false
328,Mumbai,11/21/2025,11:12 PM,DP042,28.34,12,44,10,false,false,Rider,1231.03,62.8,3.8,Cash,Pharmacy,Rainy,false
329,Kolkata,4/15/2025,9:48 PM,DP023,12.19,52,20,27,true,true,Rider,1003.14,65.23,4.6,Cash,Snacks,Clear,true
330,Hyderabad,9/8/2025,11:52 PM,DP023,3.17,35,41,33,true,true,Restaurant,771.25,56.05,1.4,Card,Bakery,Rainy,false
331,Bengaluru,8/6/2025,8:54 PM,DP030,15.7,21,25,27,true,true,Restaurant,642.41,74.33,4.3,UPI,Dairy,Rainy,false
332,Bengaluru,4/20/2025,8:03 AM,DP002,27.07,1,46,84,true,false,Customer,966.74,59.59,2.5,UPI,Pharmacy,Clear,false
333,Chennai,9/7/2025,8:04 AM,DP006,14.57,11,32,87,true,true,Rider,1351.29,26.5,4.4,Card,Pharmacy,Rainy,true
334,Jaipur,1/9/2025,1:32 PM,DP024,24.68,8,38,59,false,true,Weather,320.77,10.9,3.0,Card,Pharmacy,Rainy,true
335,Chennai,1/22/2025,10:39 AM,DP002,1.89,4,58,70,true,true,Customer,1280.45,68.04,3.3,UPI,Grocery,Clear,false
336,Chennai,8/22/2025,12:01 PM,DP014,2.76,39,51,64,false,false,Restaurant,252.23,60.81,3.5,Cash,Grocery,Clear,true
337,Lucknow,7/5/2025,11:45 PM,DP044,18.69,44,32,35,false,true,Weather,344.09,24.76,4.4,Card,Snacks,Rainy,false
338,Ahmedabad,6/14/2025,2:29 AM,DP008,14.94,20,46,73,true,false,Customer,329.6,59.88,1.2,Cash,Dairy,Clear,true
339,Jaipur,9/14/2025,10:44 AM,DP049,11.89,9,32,80,false,true,Restaurant,1050.85,67.56,2.8,Cash,Dairy,Clear,true
340,Chennai,3/14/2025,11:55 PM,DP015,17.54,32,12,62,true,false,Restaurant,799.97,47.1,4.3,Cash,Dairy,Rainy,false
341,Chennai,2/8/2025,3:24 PM,DP029,23.59,58,38,30,true,true,Weather,1096.41,46.62,2.5,Card,Pharmacy,Clear,false
342,Chennai,11/9/2025,5:55 AM,DP046,27.67,2,51,63,false,true,Weather,1165.67,17.27,1.2,UPI,Dairy,Rainy,false
343,Delhi,1/17/2025,9:07 PM,DP044,15.82,3,12,11,false,false,Weather,359.6,75.1,4.5,Card,Bakery,Clear,true
344,Jaipur,2/26/2025,6:02 AM,DP019,13.42,15,43,71,true,false,Weather,830.38,77.2,4.0,Cash,Dairy,Clear,true
345,Chennai,10/14/2025,11:50 PM,DP029,27.1,14,54,53,true,true,Rider,404.85,37.28,4.8,Cash,Pharmacy,Clear,false
346,Lucknow,2/9/2025,12:24 PM,DP019,10.64,37,17,35,true,true,Rider,470.7,36.09,3.7,UPI,Grocery,Rainy,true
347,Chennai,9/27/2025,6:25 PM,DP015,14.52,5,51,13,true,false,Restaurant,385.21,54.17,4.5,Cash,Dairy,Rainy,true
348,Chennai,6/1/2025,8:56 AM,DP047,20.92,24,44,39,true,false,Rider,666.74,29.9,2.4,Card,Dairy,Clear,true
349,Kolkata,3/1/2025,5:03 AM,DP009,10.41,14,42,53,false,true,Customer,1045.36,38.29,2.5,Card,Bakery,Rainy,true
350,Kolkata,10/16/2025,3:01 PM,DP033,12.64,16,35,89,true,false,Rider,168.09,72.05,3.9,UPI,Dairy,Rainy,true
351,Hyderabad,9/22/2025,5:31 AM,DP001,17.01,9,25,45,true,true,Restaurant,677.68,26.4,1.3,UPI,Bakery,Clear,false
352,Hyderabad,2/4/2025,4:38 PM,DP013,25.6,4,12,31,false,true,Customer,474.22,39.58,2.6,Card,Bakery,Clear,true
353,Mumbai,6/23/2025,4:36 AM,DP012,4.6,14,37,77,false,true,Restaurant,1291.62,29.39,3.1,Card,Bakery,Clear,false
354,Pune,5/14/2025,2:42 AM,DP015,27.72,11,26,38,true,false,Rider,951.32,30.38,1.9,UPI,Bakery,Clear,true
355,Kolkata,12/10/2025,2:14 AM,DP005,4.32,25,38,15,true,false,Restaurant,392.88,75.55,4.3,UPI,Bakery,Clear,false
356,Lucknow,12/17/2025,4:44 PM,DP001,22.15,5,28,12,false,false,Weather,113.9,47.77,2.3,Card,Bakery,Clear,true
357,Chennai,7/11/2025,6:30 AM,DP040,6.72,19,51,50,true,true,Restaurant,697.84,25.3,3.7,Card,Pharmacy,Clear,false
358,Mumbai,3/7/2025,2:08 PM,DP014,24.1,22,39,69,true,true,Weather,814.01,70.27,4.9,Card,Dairy,Clear,false
359,Chennai,12/14/2025,4:33 AM,DP013,22.25,23,57,47,false,true,Restaurant,912.12,59.15,1.0,Cash,Dairy,Clear,true
360,Pune,9/17/2025,12:27 PM,DP023,10.91,37,41,77,false,false,Restaurant,818.32,73.72,3.8,Cash,Bakery,Clear,false
361,Mumbai,1/12/2025,5:56 PM,DP009,5.18,31,26,61,false,true,Weather,375.36,26.14,3.1,Cash,Grocery,Rainy,false
362,Kolkata,4/6/2025,2:37 PM,DP042,27.71,22,18,33,false,false,Weather,974.84,68.84,3.2,Cash,Pharmacy,Rainy,true
363,Kolkata,4/20/2025,11:03 PM,DP001,21.88,38,51,60,false,false,Weather,354.57,58.8,1.5,Card,Bakery,Rainy,true
364,Kolkata,12/19/2025,5:05 PM,DP018,16.1,57,38,28,true,false,Customer,270.96,13.36,4.8,UPI,Grocery,Clear,true
365,Delhi,6/23/2025,2:38 AM,DP033,10.66,2,57,18,true,false,Restaurant,1019.36,79.22,1.2,Card,Dairy,Rainy,true
366,Jaipur,5/18/2025,1:58 PM,DP045,14.96,24,19,63,false,false,Rider,637.38,75.99,4.9,UPI,Bakery,Rainy,false
367,Delhi,9/6/2025,12:42 AM,DP005,17.44,42,48,74,false,false,Weather,791.41,39.85,3.6,Card,Grocery,Clear,false
368,Jaipur,7/10/2025,2:57 AM,DP002,12.71,19,10,37,false,false,Weather,312.19,79.75,3.5,Cash,Bakery,Rainy,false
369,Mumbai,8/9/2025,9:40 PM,DP013,8.04,33,11,41,true,true,Rider,467.7,38.51,4.0,Cash,Bakery,Rainy,true
370,Mumbai,5/15/2025,7:56 PM,DP001,5.43,38,58,77,false,false,Restaurant,197.04,64.27,4.6,Cash,Pharmacy,Rainy,false
371,Jaipur,1/28/2025,1:01 PM,DP007,11.71,36,49,83,false,false,Restaurant,985.27,61.96,4.6,Cash,Bakery,Rainy,false
372,Kolkata,7/29/2025,4:37 AM,DP008,9.75,23,54,54,true,false,Customer,1121.09,53.27,2.7,Card,Bakery,Rainy,false
373,Mumbai,9/5/2025,6:23 PM,DP031,24.88,9,49,65,false,false,Customer,1176.16,68.53,4.6,UPI,Grocery,Clear,false
374,Jaipur,2/18/2025,11:42 PM,DP014,8.56,8,55,14,false,false,Weather,159.8,22.16,1.5,UPI,Grocery,Rainy,false
375,Pune,2/9/2025,12:10 PM,DP022,4.83,30,53,40,true,false,Restaurant,1260.01,24.74,3.2,UPI,Grocery,Clear,true
376,Mumbai,9/21/2025,1:52 PM,DP048,27.75,15,40,59,false,false,Customer,197.9,39.04,1.9,Card,Dairy,Clear,false
377,Lucknow,4/22/2025,12:50 AM,DP001,18.57,4,48,63,true,true,Restaurant,1406.68,63.05,1.5,Cash,Grocery,Clear,true
378,Bengaluru,3/19/2025,3:32 PM,DP010,3.0,47,26,24,true,false,Customer,828.27,61.72,2.0,Cash,Snacks,Rainy,true
379,Kolkata,4/22/2025,6:36 PM,DP030,27.53,55,22,42,false,true,Rider,871.28,17.29,2.9,Card,Snacks,Rainy,true
380,Lucknow,6/25/2025,2:09 AM,DP026,26.86,22,19,42,true,true,Weather,873.75,27.26,4.3,Cash,Snacks,Rainy,true
381,Lucknow,1/11/2025,2:09 PM,DP005,8.84,37,49,44,true,false,Customer,693.61,15.56,1.1,Cash,Grocery,Clear,true
382,Bengaluru,10/21/2025,5:49 AM,DP027,22.98,3,35,90,false,true,Weather,1328.69,24.51,1.8,UPI,Snacks,Rainy,false
383,Chennai,5/11/2025,6:44 AM,DP017,27.89,18,58,52,false,false,Rider,814.96,36.57,3.0,Card,Grocery,Clear,true
384,Kolkata,12/20/2025,9:56 PM,DP001,11.0,49,55,39,true,true,Weather,853.37,57.02,2.8,UPI,Snacks,Rainy,true
385,Hyderabad,1/31/2025,7:27 PM,DP041,8.3,58,20,35,false,true,Weather,569.7,27.23,2.8,Cash,Snacks,Rainy,true
386,Pune,3/28/2025,12:31 PM,DP020,14.88,58,47,47,true,true,Customer,1025.05,40.73,2.4,Cash,Pharmacy,Clear,true
387,Hyderabad,11/24/2025,10:54 AM,DP033,16.48,3,32,48,false,true,Rider,1469.19,68.37,3.1,UPI,Pharmacy,Clear,false
388,Ahmedabad,7/19/2025,10:26 AM,DP039,10.62,3,44,41,true,true,Weather,399.25,75.79,2.3,Card,Dairy,Rainy,false
389,Jaipur,1/30/2025,9:47 PM,DP042,20.81,60,26,81,false,false,Restaurant,1429.24,15.54,1.1,Cash,Snacks,Clear,true
390,Jaipur,9/15/2025,12:58 AM,DP021,20.95,41,22,22,true,false,Restaurant,831.25,11.34,3.2,Cash,Grocery,Clear,false
391,Jaipur,4/29/2025,1:38 AM,DP038,3.71,43,16,22,false,true,Weather,1472.21,39.7,4.8,UPI,Dairy,Clear,false
392,Pune,8/28/2025,11:49 AM,DP047,25.61,49,41,30,true,true,Restaurant,203.31,73.42,4.9,Cash,Bakery,Rainy,false
393,Chennai,11/16/2025,2:47 AM,DP016,7.43,25,46,19,false,false,Rider,421.18,59.36,1.9,Card,Pharmacy,Clear,true
394,Bengaluru,4/10/2025,6:53 AM,DP043,26.33,25,42,11,false,false,Customer,599.1,61.43,4.1,UPI,Bakery,Rainy,true
395,Jaipur,10/16/2025,7:42 PM,DP033,20.35,21,28,27,true,false,Customer,1169.32,64.13,4.1,UPI,Grocery,Rainy,true
396,Chennai,1/24/2025,2:23 PM,DP034,4.59,7,48,69,true,false,Rider,1123.96,63.66,3.7,UPI,Pharmacy,Clear,true
397,Ahmedabad,12/14/2025,5:14 PM,DP009,26.87,23,50,62,true,true,Rider,331.04,31.61,1.9,UPI,Bakery,Clear,false
398,Bengaluru,4/1/2025,2:20 PM,DP018,8.24,10,35,88,false,true,Restaurant,1461.01,50.46,2.7,UPI,Bakery,Clear,true
399,Bengaluru,2/15/2025,10:17 AM,DP019,5.14,40,42,69,false,false,Customer,1253.42,46.16,2.9,Card,Dairy,Rainy,true
400,Delhi,9/7/2025,3:23 AM,DP004,22.24,43,48,37,true,true,Customer,715.76,49.99,2.9,UPI,Grocery,Clear,false
401,Hyderabad,2/10/2025,1:53 PM,DP008,13.04,58,45,49,true,true,Customer,800.49,20.84,2.8,Cash,Grocery,Rainy,false
402,Pune,4/21/2025,10:56 AM,DP002,8.47,36,17,21,true,true,Restaurant,1111.6,64.2,2.5,UPI,Snacks,Clear,false
403,Hyderabad,11/5/2025,12:52 PM,DP043,9.64,4,13,21,false,false,Customer,1411.48,70.81,3.3,Card,Snacks,Rainy,true
404,Jaipur,10/29/2025,1:43 AM,DP036,26.0,27,24,77,true,true,Restaurant,663.82,76.59,4.4,UPI,Grocery,Rainy,true
405,Jaipur,10/19/2025,6:33 AM,DP018,29.16,22,13,11,true,false,Weather,536.62,57.3,1.0,Cash,Pharmacy,Rainy,false
406,Bengaluru,4/15/2025,5:39 AM,DP004,3.76,44,31,53,false,false,Rider,1321.02,52.67,1.3,UPI,Pharmacy,Rainy,true
407,Pune,6/6/2025,6:26 PM,DP009,9.62,35,13,19,false,false,Rider,1122.29,17.38,1.4,Cash,Pharmacy,Clear,false
408,Pune,5/22/2025,3:58 PM,DP022,19.69,3,17,21,true,false,Weather,1419.48,15.17,3.8,UPI,Dairy,Rainy,false
409,Mumbai,4/15/2025,9:30 AM,DP006,28.97,12,43,18,true,true,Customer,235.38,69.06,1.5,Card,Grocery,Rainy,true
410,Bengaluru,5/3/2025,11:45 AM,DP034,28.65,53,53,22,false,false,Restaurant,1222.19,22.11,4.2,UPI,Dairy,Clear,true
411,Lucknow,7/8/2025,1:34 AM,DP001,27.8,7,60,90,true,true,Customer,802.14,55.64,2.9,Card,Bakery,Rainy,false
412,Kolkata,10/24/2025,10:42 PM,DP009,23.73,41,48,39,true,true,Customer,416.67,54.7,1.7,Cash,Snacks,Rainy,true
413,Jaipur,2/23/2025,3:07 AM,DP020,23.28,13,29,86,true,true,Restaurant,196.26,19.16,1.6,Card,Bakery,Rainy,false
414,Lucknow,5/24/2025,1:11 AM,DP025,20.38,35,47,40,true,false,Customer,1272.82,34.3,4.0,Cash,Dairy,Clear,false
415,Jaipur,8/30/2025,8:37 AM,DP004,1.08,7,26,21,false,true,Customer,1227.74,52.49,3.0,Cash,Pharmacy,Rainy,false
416,Pune,10/19/2025,10:53 PM,DP050,16.57,33,12,84,false,true,Restaurant,1356.39,18.08,3.4,UPI,Grocery,Rainy,true
417,Chennai,11/29/2025,2:16 PM,DP034,25.83,41,59,77,false,false,Restaurant,463.95,22.42,2.1,Cash,Bakery,Clear,true
418,Kolkata,7/23/2025,9:34 PM,DP005,11.08,6,44,64,true,true,Restaurant,1159.78,17.73,2.2,Cash,Pharmacy,Clear,true
419,Jaipur,7/27/2025,8:42 PM,DP049,4.79,5,40,35,true,true,Customer,953.7,49.81,2.1,UPI,Pharmacy,Clear,false
420,Jaipur,6/24/2025,9:34 AM,DP031,27.2,59,42,65,true,true,Rider,555.97,67.98,1.5,Card,Grocery,Rainy,false
421,Mumbai,9/27/2025,5:25 AM,DP011,10.65,27,60,18,true,false,Weather,1096.16,55.01,1.8,Card,Snacks,Clear,true
422,Kolkata,3/26/2025,5:10 PM,DP007,21.52,52,35,59,false,false,Restaurant,215.52,25.5,1.9,Cash,Grocery,Rainy,false
423,Jaipur,9/18/2025,8:17 PM,DP044,22.56,1,25,79,false,false,Rider,800.91,21.77,3.2,UPI,Pharmacy,Clear,true
424,Hyderabad,3/27/2025,3:27 PM,DP035,12.07,54,28,37,false,true,Rider,672.8,76.07,2.9,UPI,Grocery,Rainy,true
425,Kolkata,2/28/2025,4:14 AM,DP048,10.43,55,60,21,true,false,Customer,536.82,48.44,2.3,Card,Snacks,Clear,true
426,Ahmedabad,8/1/2025,4:52 PM,DP048,28.94,54,15,42,false,true,Restaurant,562.55,17.45,2.1,Card,Dairy,Clear,true
427,Jaipur,1/25/2025,1:51 AM,DP042,27.56,13,54,20,false,false,Restaurant,474.04,70.57,1.5,Cash,Grocery,Clear,true
428,Pune,3/12/2025,3:17 AM,DP012,10.53,5,52,69,true,false,Customer,167.99,73.4,2.4,Card,Bakery,Rainy,true
429,Pune,8/23/2025,1:59 AM,DP008,1.59,32,57,18,true,false,Weather,529.95,58.87,1.8,Cash,Grocery,Rainy,false
430,Ahmedabad,6/19/2025,5:07 PM,DP048,8.32,10,19,90,false,false,Customer,899.27,61.46,2.9,Cash,Dairy,Rainy,false
431,Hyderabad,2/13/2025,1:01 PM,DP049,3.37,12,30,37,true,false,Weather,251.85,55.54,3.1,Card,Bakery,Clear,true
432,Ahmedabad,6/21/2025,4:56 AM,DP019,16.08,53,38,50,true,true,Customer,698.77,43.56,2.4,Cash,Pharmacy,Clear,false
433,Hyderabad,9/3/2025,11:13 AM,DP038,17.25,57,29,45,true,false,Customer,1161.39,46.57,1.6,UPI,Dairy,Rainy,true
434,Bengaluru,2/12/2025,9:49 AM,DP021,23.29,29,49,42,true,false,Restaurant,1059.21,15.58,3.3,Card,Snacks,Rainy,false
435,Jaipur,9/21/2025,6:48 AM,DP016,11.48,4,21,43,false,true,Weather,1043.6,18.84,4.6,UPI,Snacks,Rainy,true
436,Mumbai,3/16/2025,12:05 PM,DP024,2.9,35,32,35,false,false,Restaurant,502.42,29.48,4.2,UPI,Grocery,Rainy,true
437,Delhi,6/16/2025,9:55 PM,DP002,5.11,24,31,22,true,false,Customer,649.65,36.78,4.6,UPI,Grocery,Rainy,false
438,Delhi,5/29/2025,8:09 PM,DP006,6.32,20,40,33,true,true,Weather,1393.61,28.72,1.2,Cash,Snacks,Clear,false
439,Pune,8/25/2025,2:47 AM,DP021,3.95,29,36,29,true,false,Weather,283.44,56.94,1.8,Card,Snacks,Rainy,true
440,Jaipur,11/16/2025,1:08 AM,DP021,16.89,7,41,29,true,true,Restaurant,266.69,50.76,3.7,Cash,Dairy,Clear,false
441,Ahmedabad,3/6/2025,7:18 PM,DP046,25.37,43,38,43,true,true,Weather,1262.14,37.02,3.6,Card,Pharmacy,Rainy,false
442,Pune,3/16/2025,7:04 PM,DP001,25.2,42,58,48,true,true,Restaurant,231.5,26.76,3.7,UPI,Dairy,Clear,true
443,Hyderabad,5/2/2025,9:34 PM,DP010,23.2,6,30,87,false,true,Customer,750.82,39.43,4.8,Card,Dairy,Clear,false
444,Hyderabad,8/1/2025,1:03 AM,DP014,5.19,59,20,82,true,false,Rider,1338.31,34.4,2.0,UPI,Bakery,Rainy,false
445,Bengaluru,7/22/2025,11:41 PM,DP007,11.38,16,54,63,true,true,Rider,698.66,35.34,1.3,UPI,Pharmacy,Clear,false
446,Bengaluru,3/6/2025,7:41 AM,DP014,26.66,36,35,50,false,false,Rider,917.78,29.05,3.3,Cash,Snacks,Clear,true
447,Hyderabad,11/8/2025,7:21 AM,DP017,16.07,8,60,53,false,true,Customer,617.23,19.15,4.4,Cash,Bakery,Rainy,true
448,Lucknow,9/30/2025,11:37 PM,DP050,12.06,16,29,78,false,true,Restaurant,1253.75,57.86,3.4,Cash,Dairy,Clear,false
449,Jaipur,1/13/2025,1:56 AM,DP031,3.24,2,48,88,true,false,Rider,1198.09,22.06,1.0,Cash,Pharmacy,Rainy,false
450,Pune,12/23/2025,5:03 AM,DP005,22.83,41,45,65,false,false,Rider,1267.21,69.14,4.4,UPI,Snacks,Rainy,false
451,Chennai,7/2/2025,5:07 PM,DP018,14.14,22,48,44,true,true,Restaurant,1267.15,14.24,3.9,UPI,Snacks,Clear,false
452,Lucknow,6/18/2025,12:14 AM,DP009,12.68,40,18,32,false,false,Customer,402.27,54.5,2.1,Card,Snacks,Rainy,true
453,Delhi,1/27/2025,9:19 AM,DP013,25.72,45,11,74,false,true,Weather,1305.54,29.96,1.4,Cash,Grocery,Clear,true
454,Kolkata,3/12/2025,11:50 AM,DP041,1.17,12,35,74,true,true,Weather,1039.78,11.85,3.0,Cash,Snacks,Rainy,true
455,Kolkata,6/9/2025,2:10 AM,DP035,22.87,30,22,21,false,true,Rider,479.7,78.64,1.2,Cash,Dairy,Rainy,false
456,Ahmedabad,1/24/2025,2:10 PM,DP035,7.34,1,47,84,true,true,Rider,909.45,72.8,2.2,Card,Pharmacy,Clear,true
457,Bengaluru,11/24/2025,4:11 AM,DP029,7.82,32,60,40,true,true,Weather,600.57,23.37,4.7,Cash,Bakery,Rainy,false
458,Delhi,8/2/2025,12:20 AM,DP008,16.65,45,20,54,false,false,Rider,205.56,20.79,1.1,UPI,Snacks,Rainy,false
459,Lucknow,4/17/2025,6:12 AM,DP036,29.84,59,40,11,false,true,Rider,1058.83,42.57,4.9,Card,Pharmacy,Clear,false
460,Delhi,2/19/2025,9:59 PM,DP036,27.09,26,18,44,false,false,Customer,1237.79,16.33,2.0,Cash,Snacks,Rainy,false
461,Chennai,11/13/2025,7:11 AM,DP050,1.91,8,51,22,false,true,Weather,1387.79,40.56,1.7,Card,Pharmacy,Rainy,false
462,Hyderabad,9/1/2025,10:17 AM,DP020,25.97,2,35,88,false,false,Customer,443.46,17.29,3.7,UPI,Snacks,Clear,true
463,Bengaluru,11/10/2025,4:19 PM,DP012,24.82,21,24,29,true,false,Rider,630.37,32.79,1.1,Card,Bakery,Clear,true
464,Hyderabad,8/22/2025,4:10 AM,DP006,11.1,39,33,42,true,true,Restaurant,1375.29,26.24,3.9,UPI,Dairy,Rainy,false
465,Hyderabad,1/11/2025,9:45 PM,DP034,17.81,11,34,44,true,true,Weather,476.27,24.27,3.4,Cash,Bakery,Clear,false
466,Kolkata,10/3/2025,8:51 PM,DP006,24.94,3,45,19,false,true,Customer,588.83,56.09,3.6,UPI,Snacks,Clear,false
467,Kolkata,6/1/2025,8:17 PM,DP020,24.19,25,55,42,false,false,Rider,1427.93,13.69,1.1,UPI,Snacks,Clear,false
468,Lucknow,10/6/2025,4:56 PM,DP004,7.55,29,53,53,true,false,Rider,1367.76,56.4,4.5,Card,Snacks,Rainy,false
469,Lucknow,4/5/2025,7:23 AM,DP050,13.29,25,27,71,true,true,Restaurant,736.4,27.58,4.6,Cash,Bakery,Clear,true
470,Bengaluru,9/11/2025,9:07 AM,DP024,20.59,6,41,14,false,true,Rider,398.3,49.56,2.7,Cash,Grocery,Rainy,true
471,Hyderabad,1/28/2025,4:35 AM,DP005,1.96,39,57,29,false,true,Rider,981.07,49.21,1.9,Card,Grocery,Rainy,false
472,Hyderabad,8/2/2025,1:28 AM,DP012,6.92,30,13,80,true,false,Customer,475.05,12.56,4.4,Card,Snacks,Rainy,false
473,Chennai,12/21/2025,10:39 AM,DP012,11.58,42,23,27,true,false,Restaurant,844.82,26.96,2.2,Cash,Snacks,Clear,false
474,Ahmedabad,2/18/2025,3:26 AM,DP019,5.89,34,36,11,true,true,Rider,524.36,71.83,3.9,UPI,Grocery,Clear,false
475,Kolkata,1/6/2025,11:41 PM,DP027,23.07,11,35,25,false,true,Customer,575.58,57.97,4.9,Card,Snacks,Clear,true
476,Chennai,6/6/2025,11:59 AM,DP007,19.85,50,39,63,true,true,Rider,434.15,53.55,1.5,Cash,Grocery,Rainy,false
477,Chennai,10/1/2025,12:18 AM,DP041,17.53,50,37,73,false,true,Rider,288.4,40.91,2.7,UPI,Pharmacy,Rainy,true
478,Ahmedabad,6/9/2025,11:24 AM,DP011,26.74,60,44,19,false,false,Weather,1171.77,66.54,2.6,UPI,Pharmacy,Clear,true
479,Mumbai,8/30/2025,10:32 PM,DP030,5.79,16,33,13,false,false,Weather,734.78,34.48,4.0,Cash,Grocery,Clear,false
480,Ahmedabad,8/10/2025,8:00 AM,DP045,12.66,16,12,10,false,true,Weather,1416.3,25.92,4.3,UPI,Bakery,Clear,true
481,Lucknow,1/21/2025,11:39 PM,DP048,18.19,9,15,13,false,false,Restaurant,998.57,71.34,1.4,UPI,Dairy,Rainy,false
482,Delhi,1/8/2025,1:12 PM,DP003,12.52,37,19,59,true,false,Restaurant,633.25,12.73,1.7,UPI,Dairy,Clear,false
483,Ahmedabad,6/16/2025,5:06 PM,DP024,10.24,27,47,65,true,false,Rider,1025.42,15.85,2.4,Card,Pharmacy,Rainy,false
484,Hyderabad,9/19/2025,10:58 AM,DP027,14.3,1,43,16,false,false,Customer,1333.89,46.99,3.3,Cash,Snacks,Clear,true
485,Kolkata,2/10/2025,8:31 PM,DP012,11.8,13,20,17,true,true,Restaurant,746.23,30.82,3.4,Cash,Grocery,Clear,false
486,Lucknow,5/10/2025,1:13 PM,DP003,25.29,55,39,39,false,true,Restaurant,420.01,21.97,1.4,UPI,Bakery,Clear,false
487,Delhi,7/2/2025,12:59 AM,DP019,6.79,2,35,31,true,true,Rider,220.77,57.48,4.7,Card,Bakery,Clear,true
488,Ahmedabad,7/11/2025,8:16 AM,DP013,26.45,3,46,20,true,true,Restaurant,887.68,53.66,1.7,Cash,Dairy,Clear,true
489,Jaipur,4/24/2025,6:57 AM,DP009,12.49,36,49,64,true,false,Restaurant,549.84,43.59,3.1,Cash,Bakery,Clear,false
490,Bengaluru,11/5/2025,4:27 PM,DP005,19.47,43,12,58,true,true,Customer,580.85,54.97,3.8,Card,Bakery,Rainy,false
491,Hyderabad,10/24/2025,7:23 PM,DP039,13.78,44,60,68,false,true,Customer,280.31,20.43,4.7,Cash,Pharmacy,Rainy,false
492,Pune,8/22/2025,8:32 AM,DP036,10.34,9,41,86,false,true,Restaurant,305.53,31.13,4.7,UPI,Snacks,Clear,false
493,Chennai,11/16/2025,9:55 AM,DP006,9.09,38,50,32,true,true,Rider,432.92,73.91,3.0,Card,Grocery,Rainy,true
494,Pune,9/7/2025,2:01 PM,DP046,28.36,18,14,20,true,false,Rider,491.43,79.96,1.6,Card,Snacks,Clear,false
495,Delhi,11/23/2025,2:35 AM,DP021,5.91,27,41,13,false,true,Restaurant,363.34,79.65,3.3,UPI,Bakery,Rainy,true
496,Pune,4/26/2025,12:56 AM,DP048,14.32,47,10,44,false,true,Weather,266.91,72.38,2.3,Cash,Dairy,Clear,false
497,Lucknow,7/23/2025,5:41 AM,DP022,27.66,1,20,67,false,true,Restaurant,541.65,13.46,1.4,UPI,Dairy,Clear,false
498,Mumbai,8/22/2025,5:13 PM,DP001,20.31,45,42,38,false,false,Customer,1176.24,13.08,2.4,Card,Dairy,Rainy,true
499,Hyderabad,5/4/2025,9:51 PM,DP035,15.54,38,17,15,true,false,Restaurant,521.02,56.9,1.1,Cash,Snacks,Clear,true
500,Delhi,5/21/2025,1:45 AM,DP017,24.81,10,19,47,false,true,Customer,1107.89,59.14,5.0,Card,Bakery,Clear,true
501,Lucknow,3/2/2025,11:28 PM,DP047,22.06,13,47,35,false,false,Customer,1081.47,34.83,3.9,UPI,Dairy,Clear,true
502,Kolkata,12/27/2025,4:58 AM,DP034,12.95,10,17,90,true,true,Weather,566.27,17.91,2.5,UPI,Pharmacy,Clear,false
503,Pune,5/17/2025,9:04 AM,DP046,5.78,8,47,30,false,false,Restaurant,406.28,22.37,1.9,UPI,Grocery,Rainy,true
504,Pune,4/14/2025,12:21 AM,DP008,3.42,0,54,63,false,false,Restaurant,810.21,39.17,1.6,Cash,Snacks,Rainy,false
505,Pune,6/23/2025,9:43 AM,DP037,24.59,47,56,33,true,false,Weather,1399.34,58.01,3.9,Card,Grocery,Clear,true
506,Jaipur,2/16/2025,4:02 AM,DP012,9.45,23,41,27,false,true,Customer,567.75,75.12,2.9,UPI,Snacks,Rainy,true
507,Kolkata,3/26/2025,2:23 PM,DP010,2.28,13,35,52,false,true,Restaurant,1200.84,34.13,2.5,UPI,Pharmacy,Rainy,true
508,Hyderabad,5/26/2025,4:53 AM,DP017,26.83,17,33,42,false,true,Restaurant,175.98,23.66,3.6,UPI,Bakery,Rainy,true
509,Bengaluru,11/4/2025,10:19 AM,DP007,8.39,41,35,62,false,true,Weather,971.94,49.82,3.7,Cash,Grocery,Rainy,true
510,Ahmedabad,10/6/2025,11:58 AM,DP001,16.64,45,35,27,false,true,Restaurant,155.41,23.52,4.5,Card,Bakery,Rainy,false
511,Mumbai,12/29/2025,1:18 PM,DP031,12.49,40,35,66,true,true,Weather,1277.68,79.29,4.5,Cash,Pharmacy,Rainy,false
512,Bengaluru,11/20/2025,5:04 AM,DP027,1.06,51,39,50,false,false,Rider,763.35,15.43,1.6,UPI,Dairy,Rainy,true
513,Hyderabad,10/28/2025,11:07 PM,DP010,17.68,54,52,42,true,false,Restaurant,525.12,54.29,1.1,Cash,Pharmacy,Rainy,true
514,Jaipur,10/3/2025,2:06 PM,DP045,15.87,49,54,38,false,true,Rider,404.05,55.74,4.7,Cash,Dairy,Rainy,true
515,Jaipur,2/7/2025,2:37 PM,DP012,7.62,12,57,32,false,true,Rider,1428.45,64.7,3.4,UPI,Pharmacy,Clear,false
516,Hyderabad,9/17/2025,11:48 AM,DP024,10.25,8,19,64,false,true,Weather,351.34,66.12,4.2,UPI,Snacks,Clear,false
517,Delhi,5/23/2025,9:57 AM,DP018,17.17,10,16,47,false,false,Customer,680.05,48.07,3.1,UPI,Bakery,Clear,true
518,Jaipur,9/17/2025,5:46 PM,DP011,1.71,60,11,78,false,false,Rider,300.0,22.33,4.6,UPI,Bakery,Clear,false
519,Mumbai,8/18/2025,3:56 PM,DP048,5.74,6,60,83,false,true,Rider,1205.43,19.59,4.4,Card,Snacks,Rainy,false
520,Chennai,5/24/2025,6:48 PM,DP039,23.19,46,15,34,false,false,Weather,1368.3,23.82,1.7,Cash,Pharmacy,Rainy,true
521,Kolkata,5/30/2025,2:20 PM,DP050,22.64,40,52,38,false,false,Weather,872.45,66.66,4.2,Card,Pharmacy,Clear,true
522,Jaipur,10/3/2025,4:07 PM,DP019,1.53,45,19,42,false,true,Rider,563.69,39.6,1.6,Card,Pharmacy,Clear,true
523,Hyderabad,7/5/2025,10:28 AM,DP022,28.81,22,56,34,false,false,Restaurant,883.8,54.58,2.4,UPI,Grocery,Clear,true
524,Delhi,6/18/2025,6:51 PM,DP015,27.05,53,19,69,true,true,Customer,1152.1,63.91,3.5,Card,Grocery,Clear,false
525,Ahmedabad,2/23/2025,3:04 AM,DP045,4.38,47,30,34,false,true,Rider,1190.71,42.87,2.1,Cash,Snacks,Rainy,false
526,Hyderabad,10/12/2025,9:44 PM,DP026,3.34,17,51,50,false,false,Rider,375.97,48.61,3.7,UPI,Dairy,Clear,true
527,Mumbai,10/15/2025,2:54 PM,DP036,23.89,52,42,14,false,true,Customer,531.97,44.12,3.2,Card,Grocery,Clear,true
528,Hyderabad,9/11/2025,1:15 AM,DP050,19.66,51,13,52,true,false,Restaurant,930.38,10.84,1.7,Cash,Pharmacy,Clear,false
529,Chennai,10/10/2025,8:44 PM,DP031,17.62,43,51,61,true,true,Restaurant,1318.45,72.19,4.0,UPI,Bakery,Rainy,true
530,Pune,7/20/2025,6:28 PM,DP002,15.97,3,22,63,true,true,Restaurant,828.41,73.54,2.7,UPI,Pharmacy,Rainy,true
531,Jaipur,5/31/2025,5:24 AM,DP030,1.63,11,28,14,false,false,Weather,1420.63,60.93,3.7,UPI,Snacks,Clear,false
532,Lucknow,6/25/2025,5:33 AM,DP005,14.03,57,46,13,false,true,Weather,487.39,68.87,1.2,Cash,Snacks,Clear,false
533,Pune,1/8/2025,11:33 AM,DP037,10.64,2,23,10,true,false,Customer,549.52,49.8,2.3,Cash,Grocery,Clear,true
534,Bengaluru,9/18/2025,8:16 AM,DP025,8.04,6,60,79,true,true,Customer,1231.52,45.72,4.2,UPI,Snacks,Clear,false
535,Delhi,10/31/2025,8:01 PM,DP029,16.14,16,60,86,true,true,Customer,1127.29,19.78,4.8,Card,Pharmacy,Rainy,true
536,Chennai,4/28/2025,3:39 AM,DP026,28.57,60,29,58,true,false,Weather,334.4,75.64,4.5,Cash,Grocery,Clear,true
537,Kolkata,6/30/2025,5:48 AM,DP018,14.88,8,49,33,false,false,Customer,924.73,56.61,2.9,Card,Snacks,Clear,true
538,Pune,12/21/2025,1:14 AM,DP041,23.99,6,45,45,true,true,Rider,505.34,30.7,1.6,UPI,Grocery,Clear,true
539,Hyderabad,12/17/2025,9:34 AM,DP025,11.15,4,25,84,false,true,Customer,923.93,35.31,4.8,Cash,Snacks,Rainy,true
540,Mumbai,5/23/2025,12:08 PM,DP027,27.78,1,47,70,true,false,Weather,678.44,38.44,3.2,UPI,Snacks,Clear,true
541,Delhi,8/5/2025,10:14 PM,DP050,2.98,16,16,76,true,false,Customer,534.23,51.86,2.0,UPI,Bakery,Rainy,true
542,Pune,11/20/2025,10:45 PM,DP013,9.45,54,51,61,true,false,Rider,535.64,45.22,3.6,UPI,Snacks,Rainy,true
543,Jaipur,10/4/2025,4:49 PM,DP032,18.56,19,60,32,true,false,Weather,1330.09,23.87,4.4,Cash,Bakery,Rainy,false
544,Pune,8/21/2025,4:58 AM,DP019,8.48,9,18,12,true,true,Restaurant,406.63,16.11,1.9,Card,Dairy,Clear,false
545,Mumbai,8/17/2025,4:30 PM,DP014,5.54,60,26,50,false,false,Customer,164.75,23.86,2.0,UPI,Grocery,Rainy,true
546,Ahmedabad,5/5/2025,10:15 AM,DP005,10.92,14,55,84,false,false,Rider,1116.72,42.51,1.2,Card,Bakery,Rainy,false
547,Mumbai,1/15/2025,9:36 PM,DP039,14.97,21,35,59,true,true,Weather,1224.62,61.09,1.5,Cash,Dairy,Rainy,false
548,Lucknow,5/27/2025,11:00 PM,DP043,20.31,11,39,83,true,false,Restaurant,120.45,31.8,1.4,UPI,Dairy,Clear,false
549,Mumbai,2/20/2025,10:43 AM,DP018,11.24,42,57,75,false,true,Restaurant,1302.32,14.89,1.3,Cash,Grocery,Rainy,false
550,Hyderabad,4/2/2025,4:18 PM,DP050,18.86,41,35,45,true,false,Weather,1106.08,33.23,1.4,UPI,Dairy,Clear,true
551,Pune,10/5/2025,6:38 AM,DP048,20.04,16,43,21,true,true,Customer,137.97,25.27,4.0,Card,Pharmacy,Clear,false
552,Lucknow,6/25/2025,9:55 PM,DP050,16.49,53,45,87,false,false,Customer,364.35,28.72,1.3,UPI,Pharmacy,Clear,false
553,Chennai,7/9/2025,3:24 AM,DP016,19.97,6,14,10,true,true,Restaurant,1335.94,42.06,4.0,Card,Pharmacy,Clear,false
554,Pune,5/3/2025,10:25 AM,DP028,7.2,48,56,74,false,true,Restaurant,714.3,68.91,3.3,UPI,Dairy,Rainy,true
555,Jaipur,11/2/2025,3:03 AM,DP004,24.57,18,26,55,true,true,Customer,720.12,74.26,2.7,UPI,Grocery,Clear,true
556,Jaipur,1/26/2025,11:01 AM,DP017,2.23,1,26,82,true,true,Customer,742.26,77.77,1.6,Card,Bakery,Rainy,true
557,Pune,12/26/2025,7:25 PM,DP031,19.69,40,16,81,false,true,Rider,547.86,73.6,4.3,UPI,Snacks,Rainy,false
558,Delhi,10/31/2025,11:34 PM,DP034,17.14,52,13,37,true,false,Restaurant,1432.01,26.04,4.8,Card,Snacks,Clear,false
559,Bengaluru,11/6/2025,11:45 PM,DP023,15.98,41,26,24,true,false,Weather,1151.97,37.71,1.9,Card,Grocery,Clear,false
560,Ahmedabad,12/21/2025,9:38 PM,DP030,2.73,7,29,30,true,true,Rider,1284.21,34.72,3.7,Cash,Pharmacy,Clear,false
561,Delhi,8/28/2025,6:15 AM,DP012,21.08,55,48,67,true,true,Restaurant,1026.35,44.37,4.3,UPI,Grocery,Rainy,true
562,Jaipur,1/15/2025,12:10 PM,DP046,8.63,35,58,27,false,false,Rider,1333.09,21.61,2.4,Cash,Pharmacy,Clear,true
563,Kolkata,4/15/2025,9:16 AM,DP048,8.28,8,24,62,false,true,Customer,877.54,44.64,2.9,UPI,Bakery,Rainy,true
564,Pune,3/1/2025,12:57 AM,DP015,11.1,21,46,49,true,true,Restaurant,486.91,17.77,1.9,Card,Dairy,Clear,true
565,Kolkata,7/18/2025,7:53 AM,DP011,27.25,19,25,18,true,false,Customer,1345.85,33.09,2.8,UPI,Dairy,Rainy,false
566,Ahmedabad,8/17/2025,7:27 AM,DP043,26.84,13,19,39,false,false,Rider,1216.46,14.73,3.8,UPI,Pharmacy,Rainy,true
567,Delhi,2/27/2025,2:42 AM,DP042,11.55,9,17,23,true,false,Rider,1179.88,50.25,2.5,Card,Snacks,Clear,false
568,Jaipur,6/16/2025,1:03 PM,DP003,22.46,44,27,53,false,true,Rider,1122.57,12.23,1.9,Cash,Snacks,Clear,false
569,Lucknow,1/2/2025,3:41 AM,DP019,1.46,36,11,13,true,false,Restaurant,152.54,44.35,3.6,Cash,Dairy,Rainy,false
570,Chennai,6/22/2025,7:56 PM,DP043,16.21,10,24,25,true,true,Weather,166.72,42.5,4.9,Cash,Grocery,Clear,true
571,Delhi,7/30/2025,5:09 AM,DP011,2.44,11,23,18,true,true,Rider,733.49,55.23,4.3,Card,Snacks,Clear,false
572,Pune,7/21/2025,4:13 AM,DP049,4.83,47,17,26,true,false,Customer,656.25,22.94,3.4,Cash,Bakery,Clear,true
573,Kolkata,8/17/2025,11:10 PM,DP030,27.96,8,57,46,false,false,Rider,1069.55,42.07,2.5,Card,Dairy,Rainy,true
574,Kolkata,5/21/2025,10:16 PM,DP027,19.71,7,30,11,false,false,Restaurant,1308.77,60.9,3.1,UPI,Dairy,Clear,true
575,Kolkata,3/31/2025,6:22 AM,DP016,25.43,23,22,22,true,false,Weather,1175.46,10.99,1.2,UPI,Snacks,Rainy,false
576,Lucknow,11/25/2025,7:24 AM,DP036,3.82,34,60,89,false,false,Restaurant,1066.06,13.38,4.5,UPI,Grocery,Clear,false
577,Bengaluru,7/30/2025,10:13 PM,DP044,5.79,42,12,36,false,true,Rider,1313.81,34.22,2.3,Card,Snacks,Clear,false
578,Delhi,7/4/2025,3:38 PM,DP032,27.06,42,35,47,true,false,Customer,844.97,79.36,2.1,UPI,Bakery,Clear,false
579,Chennai,11/1/2025,12:48 AM,DP019,22.61,40,56,78,false,false,Customer,1458.11,13.79,2.7,Card,Snacks,Rainy,true
580,Kolkata,10/28/2025,10:04 AM,DP029,7.74,22,39,72,false,true,Customer,925.65,78.76,1.0,UPI,Snacks,Clear,true
581,Ahmedabad,7/21/2025,10:44 AM,DP032,12.85,24,37,73,true,true,Weather,1488.7,14.44,3.5,Card,Dairy,Clear,false
582,Hyderabad,7/9/2025,8:49 AM,DP037,10.7,23,15,38,false,false,Weather,904.41,20.67,1.8,Cash,Grocery,Clear,false
583,Ahmedabad,2/4/2025,4:02 PM,DP016,26.19,23,45,23,true,true,Rider,691.95,60.64,3.0,UPI,Pharmacy,Clear,false
584,Delhi,3/26/2025,11:29 PM,DP012,29.23,34,54,14,false,true,Customer,830.39,35.19,1.8,Cash,Dairy,Clear,false
585,Kolkata,9/20/2025,12:25 AM,DP048,19.63,26,53,53,false,true,Restaurant,630.15,41.0,1.5,Cash,Snacks,Rainy,false
586,Hyderabad,4/16/2025,2:56 PM,DP018,6.37,48,12,29,false,true,Restaurant,156.09,18.2,4.4,Card,Snacks,Clear,true
587,Mumbai,2/21/2025,11:37 AM,DP026,13.41,8,18,14,true,false,Customer,924.27,16.32,3.1,Cash,Snacks,Rainy,false
588,Mumbai,6/21/2025,5:46 AM,DP001,6.08,21,24,31,true,true,Restaurant,274.04,61.74,4.1,Card,Pharmacy,Clear,false
589,Bengaluru,5/21/2025,7:13 AM,DP034,22.26,5,44,62,true,false,Restaurant,788.04,57.31,4.4,Cash,Pharmacy,Clear,true
590,Ahmedabad,7/3/2025,2:40 PM,DP011,22.87,10,60,47,false,true,Customer,1047.13,56.12,1.5,Card,Snacks,Rainy,true
591,Lucknow,4/4/2025,2:28 PM,DP012,19.05,44,46,89,true,false,Weather,1465.17,50.43,4.6,Card,Bakery,Rainy,false
592,Ahmedabad,12/3/2025,5:42 PM,DP039,4.13,17,24,17,true,false,Rider,548.86,68.55,3.9,UPI,Snacks,Rainy,true
593,Mumbai,11/26/2025,10:17 AM,DP048,28.01,47,12,72,true,false,Rider,529.94,25.09,2.1,Card,Grocery,Rainy,true
594,Jaipur,9/11/2025,12:20 AM,DP002,7.17,51,29,20,false,true,Rider,993.67,76.83,1.1,Cash,Dairy,Clear,true
595,Kolkata,7/10/2025,5:32 PM,DP013,26.42,33,25,43,false,true,Weather,1485.07,26.98,3.3,Card,Snacks,Clear,false
596,Mumbai,5/18/2025,5:21 PM,DP009,1.55,53,58,65,false,true,Restaurant,1251.56,24.83,4.2,Card,Pharmacy,Rainy,false
597,Pune,5/21/2025,1:41 PM,DP013,1.86,27,24,47,true,true,Rider,529.96,78.95,1.1,Card,Pharmacy,Clear,false
598,Delhi,7/6/2025,11:43 AM,DP011,1.81,11,44,42,false,false,Customer,440.38,36.47,2.7,UPI,Pharmacy,Clear,false
599,Chennai,2/3/2025,6:16 PM,DP015,6.47,12,38,55,true,false,Rider,722.29,74.23,1.3,UPI,Snacks,Rainy,true
600,Hyderabad,1/3/2025,8:07 AM,DP032,1.26,17,49,85,true,false,Restaurant,272.35,13.64,1.2,Cash,Dairy,Clear,true
601,Pune,4/14/2025,1:06 AM,DP050,3.0,4,23,37,true,false,Restaurant,1249.98,15.18,2.0,UPI,Dairy,Rainy,false
602,Hyderabad,12/1/2025,2:47 AM,DP018,29.38,22,10,86,true,false,Rider,199.31,35.65,3.7,Card,Snacks,Clear,true
603,Hyderabad,5/12/2025,3:46 PM,DP040,22.19,5,17,10,true,false,Customer,1445.07,72.7,4.2,Card,Snacks,Rainy,false
604,Bengaluru,12/1/2025,1:05 AM,DP009,12.06,13,36,11,true,true,Rider,1442.48,66.59,3.8,Cash,Grocery,Clear,false
605,Pune,4/19/2025,3:26 PM,DP013,16.53,45,51,84,true,false,Weather,731.62,71.2,4.1,Card,Snacks,Rainy,true
606,Chennai,10/13/2025,5:15 PM,DP037,16.46,14,39,44,false,true,Restaurant,957.37,76.27,1.3,Cash,Snacks,Clear,false
607,Lucknow,7/12/2025,9:54 PM,DP013,14.6,34,55,60,true,true,Restaurant,373.46,74.96,3.4,UPI,Dairy,Clear,true
608,Delhi,9/29/2025,12:49 AM,DP012,7.03,56,22,22,true,false,Rider,773.37,54.9,2.5,UPI,Dairy,Clear,false
609,Kolkata,6/10/2025,10:23 AM,DP046,20.22,59,34,11,false,true,Customer,115.89,23.02,2.2,Cash,Dairy,Clear,true
610,Kolkata,7/1/2025,1:19 PM,DP049,11.7,40,57,27,false,false,Rider,643.7,62.24,3.7,Card,Grocery,Clear,false
611,Pune,8/11/2025,9:48 AM,DP046,26.53,58,53,81,false,true,Rider,1339.91,27.71,1.0,Cash,Bakery,Clear,true
612,Hyderabad,6/11/2025,11:42 PM,DP035,22.08,31,40,82,false,true,Rider,1230.5,12.05,2.3,Card,Dairy,Clear,true
613,Bengaluru,2/7/2025,3:10 PM,DP026,6.93,34,42,38,true,false,Rider,905.18,12.64,1.6,Cash,Grocery,Clear,false
614,Hyderabad,3/4/2025,4:20 AM,DP007,18.26,37,30,56,false,false,Weather,125.65,31.42,2.8,UPI,Dairy,Clear,false
615,Chennai,6/1/2025,10:01 AM,DP035,2.15,36,40,62,true,false,Weather,1069.68,56.37,2.1,UPI,Pharmacy,Clear,true
616,Ahmedabad,1/27/2025,2:20 PM,DP046,5.46,50,12,67,false,false,Weather,1237.82,18.3,3.8,UPI,Grocery,Clear,true
617,Ahmedabad,12/24/2025,10:40 PM,DP006,12.03,21,51,78,false,true,Restaurant,807.53,76.57,4.5,Card,Bakery,Rainy,true
618,Lucknow,9/17/2025,9:57 PM,DP038,13.95,30,24,10,false,false,Weather,1171.03,64.95,4.5,Card,Grocery,Clear,false
619,Lucknow,9/17/2025,5:28 PM,DP035,9.01,30,15,69,false,false,Customer,319.56,62.55,2.9,Cash,Pharmacy,Clear,false
620,Kolkata,11/10/2025,2:48 AM,DP016,17.52,10,60,90,false,true,Restaurant,868.91,44.16,2.9,Cash,Pharmacy,Rainy,false
621,Ahmedabad,8/27/2025,6:07 AM,DP045,16.57,19,50,45,true,false,Weather,524.42,24.18,3.9,UPI,Pharmacy,Clear,true
622,Kolkata,1/17/2025,3:58 PM,DP015,24.62,22,30,80,false,false,Weather,1424.44,38.23,2.2,Cash,Bakery,Rainy,false
623,Ahmedabad,5/31/2025,10:50 PM,DP010,24.11,29,16,50,false,true,Restaurant,1216.61,15.15,4.6,Cash,Bakery,Clear,false
624,Delhi,4/28/2025,10:29 PM,DP004,23.47,50,44,44,true,false,Rider,728.89,67.03,1.1,UPI,Dairy,Rainy,true
625,Ahmedabad,11/18/2025,1:40 AM,DP032,7.51,1,20,80,true,true,Rider,780.11,49.58,4.4,Cash,Snacks,Clear,true
626,Hyderabad,10/5/2025,12:46 PM,DP022,26.18,59,33,17,true,true,Customer,811.48,55.76,4.7,Card,Bakery,Clear,true
627,Ahmedabad,9/1/2025,12:09 PM,DP041,19.39,4,59,25,true,true,Rider,819.83,71.38,2.1,UPI,Dairy,Rainy,false
628,Kolkata,12/26/2025,12:03 PM,DP023,22.88,56,60,26,false,false,Restaurant,583.46,52.55,1.8,Card,Bakery,Clear,true
629,Bengaluru,10/2/2025,8:39 PM,DP005,19.61,47,39,19,true,false,Customer,1219.38,54.15,1.2,UPI,Snacks,Rainy,false
630,Bengaluru,5/20/2025,12:04 PM,DP008,22.21,50,14,59,false,false,Rider,979.28,50.7,4.4,UPI,Grocery,Rainy,false
631,Jaipur,8/4/2025,2:27 PM,DP044,4.67,0,58,29,true,false,Customer,710.97,41.94,2.2,Card,Snacks,Clear,true
632,Mumbai,8/16/2025,1:22 AM,DP035,11.51,18,15,85,true,true,Rider,571.74,30.81,2.6,Cash,Grocery,Rainy,false
633,Delhi,7/5/2025,5:42 PM,DP023,21.04,9,55,23,false,false,Weather,456.55,31.25,3.3,Cash,Snacks,Clear,false
634,Delhi,2/25/2025,5:29 AM,DP038,3.38,51,51,25,false,true,Weather,426.19,37.61,3.9,UPI,Dairy,Clear,true
635,Chennai,2/4/2025,12:43 AM,DP046,27.38,53,47,68,true,false,Restaurant,1113.25,64.01,1.2,UPI,Bakery,Clear,false
636,Delhi,3/22/2025,2:36 PM,DP001,18.82,60,16,46,true,true,Customer,334.87,59.36,4.4,UPI,Snacks,Rainy,false
637,Bengaluru,10/27/2025,11:57 AM,DP034,4.74,16,57,23,false,false,Rider,1200.45,75.79,3.9,Cash,Bakery,Clear,true
638,Bengaluru,7/11/2025,6:30 PM,DP030,22.18,30,52,46,false,true,Rider,733.88,60.39,3.4,Card,Snacks,Rainy,false
639,Jaipur,3/20/2025,3:33 PM,DP019,15.8,27,55,62,false,false,Weather,1018.37,17.15,2.5,UPI,Dairy,Clear,false
640,Chennai,3/1/2025,12:20 AM,DP036,15.78,46,54,28,false,false,Rider,604.49,21.21,1.2,Cash,Grocery,Clear,false
641,Jaipur,10/16/2025,2:36 AM,DP045,11.42,20,54,54,false,false,Customer,468.51,13.62,4.8,UPI,Grocery,Clear,true
642,Delhi,12/1/2025,11:09 PM,DP006,2.75,29,37,47,true,false,Rider,196.0,14.71,3.9,Card,Snacks,Rainy,true
643,Kolkata,5/29/2025,3:33 AM,DP043,20.95,25,10,39,true,true,Weather,457.78,48.29,1.2,Card,Bakery,Rainy,false
644,Delhi,8/29/2025,10:12 PM,DP039,18.0,53,52,36,true,false,Restaurant,1380.65,11.02,3.4,UPI,Bakery,Rainy,true
645,Ahmedabad,5/18/2025,4:56 AM,DP015,25.04,45,48,20,true,true,Rider,313.41,21.54,5.0,Cash,Bakery,Clear,true
646,Lucknow,11/7/2025,11:41 AM,DP031,7.77,8,33,12,true,true,Rider,661.5,12.98,4.2,Cash,Snacks,Clear,true
647,Lucknow,4/20/2025,1:54 AM,DP038,28.44,9,30,17,true,false,Customer,1281.25,14.72,1.4,UPI,Bakery,Rainy,true
648,Chennai,11/28/2025,8:59 PM,DP034,13.56,37,29,86,true,true,Weather,660.36,55.78,4.1,Cash,Dairy,Clear,true
649,Delhi,4/2/2025,3:10 AM,DP021,12.05,0,20,18,false,false,Weather,847.08,75.2,3.7,Card,Grocery,Rainy,false
650,Lucknow,3/28/2025,12:26 AM,DP015,21.59,29,23,77,false,false,Weather,259.09,21.26,3.5,UPI,Snacks,Rainy,false
651,Kolkata,2/3/2025,4:44 AM,DP049,26.7,35,27,13,true,true,Customer,346.47,56.62,3.6,Cash,Grocery,Rainy,false
652,Jaipur,3/27/2025,9:25 PM,DP017,28.93,58,52,25,true,false,Weather,590.94,62.42,2.6,UPI,Pharmacy,Clear,false
653,Delhi,10/13/2025,5:16 AM,DP023,17.28,59,46,25,false,true,Customer,345.37,72.64,4.1,UPI,Dairy,Rainy,false
654,Hyderabad,4/14/2025,4:37 PM,DP043,23.7,45,22,33,false,false,Rider,652.22,38.0,2.5,Cash,Pharmacy,Clear,true
655,Pune,9/5/2025,8:11 PM,DP022,14.74,42,31,12,false,false,Rider,1127.86,68.28,4.1,Card,Bakery,Rainy,true
656,Jaipur,10/3/2025,10:22 PM,DP037,20.06,40,26,86,true,true,Customer,591.73,51.39,3.9,Cash,Dairy,Clear,false
657,Kolkata,9/7/2025,3:29 AM,DP038,5.12,2,23,20,true,false,Restaurant,901.75,79.14,1.1,UPI,Snacks,Rainy,true
658,Chennai,8/13/2025,11:20 PM,DP022,15.85,35,29,69,true,true,Rider,1312.18,25.84,3.8,Card,Dairy,Rainy,true
659,Kolkata,11/19/2025,9:36 PM,DP015,18.31,55,42,28,true,false,Weather,280.67,18.24,3.6,Cash,Grocery,Rainy,false
660,Pune,10/3/2025,11:13 PM,DP032,13.07,28,23,44,false,false,Restaurant,340.88,69.82,2.1,UPI,Snacks,Rainy,false
661,Mumbai,10/13/2025,9:51 AM,DP020,23.56,52,54,80,true,true,Rider,977.28,78.68,4.7,Cash,Grocery,Rainy,false
662,Lucknow,6/25/2025,10:20 PM,DP042,18.1,4,36,43,false,false,Restaurant,450.11,22.93,3.3,Card,Grocery,Clear,true
663,Ahmedabad,5/23/2025,11:19 AM,DP036,9.23,22,55,43,false,false,Weather,773.44,20.18,2.5,UPI,Snacks,Rainy,false
664,Lucknow,1/23/2025,11:51 AM,DP025,27.17,4,44,39,false,true,Customer,475.88,77.61,2.0,Cash,Snacks,Rainy,false
665,Ahmedabad,5/16/2025,7:12 AM,DP002,19.72,24,59,18,false,true,Rider,1010.55,41.01,4.2,Card,Snacks,Clear,true
666,Pune,3/5/2025,7:49 AM,DP016,27.23,37,54,20,false,true,Rider,1415.05,10.3,3.2,Card,Snacks,Rainy,false
667,Bengaluru,9/22/2025,12:11 PM,DP046,27.63,48,37,47,true,false,Weather,439.46,34.45,2.6,Cash,Grocery,Rainy,false
668,Hyderabad,1/28/2025,3:43 PM,DP025,11.59,34,19,17,false,false,Restaurant,332.13,39.38,4.9,Card,Bakery,Clear,false
669,Delhi,8/25/2025,2:24 PM,DP036,15.65,8,13,90,true,false,Customer,237.86,43.66,3.9,Card,Grocery,Rainy,false
670,Hyderabad,4/11/2025,9:09 AM,DP029,7.25,40,57,67,false,false,Customer,335.2,22.27,3.7,Cash,Bakery,Clear,true
671,Kolkata,3/3/2025,4:44 PM,DP022,9.16,43,31,63,true,true,Customer,263.58,43.73,2.6,UPI,Dairy,Rainy,true
672,Ahmedabad,7/11/2025,4:28 PM,DP018,14.08,14,59,26,false,false,Restaurant,645.37,70.5,4.5,Card,Bakery,Clear,false
673,Lucknow,12/27/2025,9:38 AM,DP042,6.69,41,28,65,true,true,Customer,761.8,66.73,2.5,Card,Pharmacy,Clear,false
674,Hyderabad,1/1/2025,1:44 AM,DP037,12.49,16,18,81,false,true,Restaurant,296.09,62.34,3.7,Cash,Pharmacy,Rainy,true
675,Chennai,11/8/2025,5:29 AM,DP049,12.99,29,43,87,false,false,Weather,293.22,15.35,3.0,UPI,Grocery,Rainy,true
676,Jaipur,9/12/2025,5:08 PM,DP035,11.15,55,47,15,true,true,Weather,322.36,56.01,4.7,UPI,Dairy,Clear,false
677,Jaipur,5/3/2025,2:55 AM,DP032,22.49,27,15,64,true,true,Weather,265.11,44.55,1.4,Card,Snacks,Rainy,true
678,Pune,6/24/2025,6:48 PM,DP037,10.07,10,58,78,false,false,Customer,795.01,41.47,4.9,UPI,Pharmacy,Clear,true
679,Pune,3/20/2025,6:44 PM,DP038,18.7,41,35,28,false,true,Restaurant,217.41,30.78,1.6,UPI,Dairy,Rainy,true
680,Mumbai,7/3/2025,4:54 AM,DP043,23.54,46,55,83,true,false,Rider,1055.89,56.84,3.6,Card,Dairy,Rainy,false
681,Bengaluru,8/25/2025,9:20 PM,DP001,23.25,44,43,40,false,true,Customer,1194.45,31.92,3.9,Cash,Snacks,Clear,false
682,Chennai,12/29/2025,4:57 PM,DP017,22.01,57,42,47,false,true,Rider,385.94,10.13,2.0,Card,Pharmacy,Rainy,false
683,Jaipur,5/24/2025,10:22 AM,DP003,8.01,42,59,16,true,false,Customer,406.38,44.2,3.2,Card,Grocery,Rainy,false
684,Bengaluru,10/24/2025,5:21 AM,DP022,26.79,8,56,45,true,true,Weather,636.94,11.88,2.7,Card,Dairy,Clear,false
685,Pune,2/17/2025,1:05 PM,DP021,21.8,47,22,89,false,false,Weather,666.85,68.81,4.7,Cash,Pharmacy,Rainy,false
686,Pune,5/4/2025,4:20 AM,DP012,19.31,48,53,21,false,false,Customer,1001.68,74.06,3.3,UPI,Pharmacy,Rainy,true
687,Jaipur,6/9/2025,11:38 PM,DP037,23.3,45,29,66,false,false,Rider,327.66,69.3,4.2,Cash,Dairy,Clear,false
688,Ahmedabad,12/27/2025,9:54 AM,DP043,20.63,50,36,12,false,false,Customer,951.29,67.84,3.5,Card,Snacks,Clear,false
689,Bengaluru,10/3/2025,10:12 AM,DP029,29.86,32,15,32,false,true,Rider,643.79,62.5,2.5,Cash,Bakery,Rainy,false
690,Mumbai,1/4/2025,2:31 PM,DP020,25.69,32,53,42,true,true,Rider,830.19,57.17,2.7,Cash,Snacks,Clear,false
691,Hyderabad,11/30/2025,1:50 PM,DP001,3.21,10,19,56,true,false,Customer,515.94,66.31,1.6,Cash,Pharmacy,Rainy,false
692,Ahmedabad,6/14/2025,12:28 AM,DP048,7.18,24,29,32,false,false,Restaurant,592.51,21.85,2.7,Card,Pharmacy,Rainy,false
693,Delhi,2/19/2025,5:20 AM,DP023,29.32,41,58,41,false,false,Weather,1120.71,17.27,1.7,Card,Pharmacy,Clear,true
694,Hyderabad,3/29/2025,3:38 PM,DP041,11.68,21,43,45,false,false,Restaurant,1367.44,40.91,1.4,Cash,Pharmacy,Rainy,true
695,Mumbai,1/20/2025,5:05 AM,DP044,3.88,55,45,78,true,true,Weather,520.14,68.32,3.1,UPI,Pharmacy,Rainy,true
696,Mumbai,2/4/2025,9:40 PM,DP032,6.63,52,57,82,true,false,Restaurant,553.73,29.44,1.1,Card,Dairy,Clear,false
697,Pune,12/25/2025,12:39 PM,DP012,3.15,25,30,61,true,true,Rider,1077.63,32.05,3.5,UPI,Pharmacy,Rainy,true
698,Pune,8/23/2025,4:32 AM,DP019,21.67,49,35,81,false,false,Customer,918.59,28.98,2.5,UPI,Pharmacy,Rainy,true
699,Lucknow,1/2/2025,4:40 AM,DP013,3.5,19,51,16,false,false,Restaurant,1135.61,25.98,2.9,Card,Snacks,Clear,true
700,Ahmedabad,6/22/2025,10:03 PM,DP016,28.8,21,51,46,false,true,Customer,987.24,59.04,2.1,Cash,Grocery,Rainy,true
701,Mumbai,7/23/2025,4:54 AM,DP011,24.13,58,31,42,true,false,Weather,1043.59,26.68,3.8,Cash,Bakery,Rainy,false
702,Lucknow,2/19/2025,7:58 AM,DP007,7.69,39,35,69,false,false,Rider,862.22,59.58,3.7,Cash,Pharmacy,Rainy,false
703,Bengaluru,8/18/2025,2:41 PM,DP012,4.05,11,42,85,true,true,Restaurant,713.35,61.22,1.7,Card,Pharmacy,Clear,true
704,Bengaluru,7/10/2025,7:46 AM,DP038,1.77,45,14,45,false,false,Restaurant,915.61,45.97,1.5,UPI,Dairy,Rainy,false
705,Chennai,1/22/2025,5:29 AM,DP035,24.21,53,29,14,false,false,Restaurant,947.79,33.45,2.9,Card,Snacks,Clear,false
706,Ahmedabad,6/12/2025,9:48 AM,DP042,23.09,60,27,70,true,true,Customer,448.6,13.88,3.6,UPI,Snacks,Clear,false
707,Pune,7/23/2025,11:51 AM,DP021,2.58,4,28,23,true,false,Customer,765.32,75.12,2.0,Card,Bakery,Clear,true
708,Ahmedabad,11/26/2025,7:06 AM,DP026,8.09,58,31,72,false,false,Customer,1411.74,39.77,3.3,Cash,Pharmacy,Clear,true
709,Hyderabad,8/11/2025,12:43 AM,DP024,28.03,60,25,49,false,false,Weather,792.19,79.23,2.2,Cash,Grocery,Clear,true
710,Lucknow,5/25/2025,6:16 AM,DP049,13.25,26,60,71,true,true,Restaurant,1438.24,37.59,2.1,Card,Grocery,Clear,false
711,Jaipur,8/8/2025,8:20 AM,DP003,29.82,9,48,32,true,false,Customer,1126.95,64.32,4.9,Card,Pharmacy,Clear,false
712,Hyderabad,12/10/2025,1:38 AM,DP013,20.12,31,35,22,false,true,Weather,638.35,13.52,2.3,Cash,Grocery,Rainy,true
713,Ahmedabad,2/1/2025,7:00 AM,DP006,26.74,6,27,62,true,false,Weather,1120.13,70.76,1.7,UPI,Dairy,Clear,false
714,Ahmedabad,4/1/2025,3:52 PM,DP007,5.18,14,25,61,false,false,Rider,165.14,43.91,1.5,UPI,Grocery,Clear,true
715,Ahmedabad,9/23/2025,6:14 PM,DP024,22.13,49,49,49,true,false,Weather,632.34,69.88,4.0,UPI,Snacks,Clear,false
716,Kolkata,4/13/2025,5:22 PM,DP023,23.67,37,26,22,true,false,Customer,725.64,43.72,1.4,Card,Bakery,Clear,false
717,Pune,8/31/2025,5:39 AM,DP004,9.59,18,37,32,false,true,Customer,1218.08,13.43,1.9,UPI,Pharmacy,Clear,true
718,Hyderabad,11/28/2025,1:15 PM,DP039,14.37,5,40,81,true,false,Restaurant,822.24,69.73,2.5,UPI,Bakery,Clear,false
719,Kolkata,3/24/2025,7:22 PM,DP016,10.48,52,15,26,true,false,Weather,1266.74,39.68,1.4,UPI,Pharmacy,Rainy,true
720,Delhi,6/4/2025,7:03 AM,DP029,6.9,54,54,20,true,false,Weather,864.16,17.42,3.2,Card,Bakery,Clear,false
721,Bengaluru,4/29/2025,3:00 AM,DP044,12.69,53,41,48,true,true,Restaurant,1418.32,66.56,2.1,Cash,Dairy,Rainy,false
722,Kolkata,1/10/2025,6:43 AM,DP024,7.28,11,12,42,false,true,Customer,1270.31,26.47,2.0,UPI,Grocery,Clear,true
723,Mumbai,8/11/2025,6:46 AM,DP007,13.12,31,23,79,true,false,Restaurant,605.65,35.36,2.7,Card,Pharmacy,Clear,true
724,Ahmedabad,9/2/2025,6:11 PM,DP013,2.37,5,59,55,true,false,Weather,1275.63,70.66,4.7,Cash,Bakery,Rainy,false
725,Ahmedabad,6/23/2025,2:16 AM,DP044,17.67,36,52,21,false,true,Restaurant,1398.41,67.95,4.6,Cash,Dairy,Rainy,false
726,Delhi,1/29/2025,11:54 PM,DP047,28.7,54,33,80,true,true,Restaurant,726.11,19.67,3.0,Cash,Dairy,Clear,false
727,Ahmedabad,9/2/2025,4:40 PM,DP041,2.8,4,30,26,false,true,Customer,787.24,45.65,4.2,UPI,Grocery,Clear,true
728,Hyderabad,9/9/2025,2:17 AM,DP007,24.74,41,12,18,false,false,Rider,1291.74,42.23,3.1,Card,Bakery,Rainy,true
729,Jaipur,4/3/2025,8:54 AM,DP045,10.15,42,49,61,false,true,Rider,1240.65,68.24,4.4,Cash,Pharmacy,Rainy,true
730,Jaipur,4/4/2025,5:58 AM,DP004,6.92,13,56,57,true,true,Customer,1302.98,59.77,2.1,Card,Dairy,Rainy,false
731,Jaipur,8/28/2025,7:10 AM,DP004,2.21,25,46,26,true,false,Weather,180.48,76.08,2.2,Cash,Grocery,Rainy,true
732,Mumbai,11/25/2025,11:05 PM,DP004,11.79,43,23,35,true,false,Rider,1078.11,52.52,3.5,Card,Pharmacy,Rainy,true
733,Kolkata,4/16/2025,4:05 PM,DP036,4.72,49,11,22,true,true,Customer,848.05,66.19,3.6,UPI,Dairy,Rainy,true
734,Delhi,7/13/2025,6:28 AM,DP032,28.36,44,60,71,true,false,Rider,588.8,20.87,2.1,Cash,Grocery,Clear,true
735,Mumbai,7/19/2025,6:53 PM,DP020,12.04,47,57,74,false,false,Customer,1145.91,29.94,2.4,Card,Pharmacy,Clear,true
736,Pune,1/23/2025,6:12 AM,DP033,14.22,26,14,30,false,true,Weather,1080.31,65.41,3.6,UPI,Pharmacy,Clear,true
737,Mumbai,10/17/2025,4:42 AM,DP012,21.57,34,28,21,true,true,Weather,709.24,72.81,1.7,Card,Dairy,Clear,true
738,Chennai,10/11/2025,12:34 AM,DP005,20.71,9,59,18,false,true,Weather,474.73,36.75,4.5,UPI,Dairy,Rainy,true
739,Pune,10/30/2025,2:05 PM,DP043,11.77,23,53,31,false,true,Restaurant,326.34,51.17,4.8,Card,Snacks,Clear,true
740,Kolkata,7/18/2025,3:46 AM,DP041,18.85,48,31,47,true,false,Rider,401.31,33.04,1.7,UPI,Dairy,Clear,false
741,Chennai,3/31/2025,9:53 AM,DP030,17.8,12,40,37,true,false,Weather,809.41,20.92,4.6,Card,Pharmacy,Rainy,true
742,Ahmedabad,10/28/2025,5:24 PM,DP048,23.52,18,30,86,false,true,Customer,1255.78,36.4,1.5,UPI,Snacks,Clear,false
743,Jaipur,10/1/2025,11:49 AM,DP021,27.06,9,33,12,false,false,Customer,853.96,68.11,2.1,Cash,Bakery,Clear,false
744,Lucknow,5/11/2025,10:11 PM,DP014,9.05,50,48,54,true,true,Weather,687.09,26.61,2.5,UPI,Bakery,Clear,false
745,Lucknow,3/25/2025,4:49 PM,DP048,14.69,44,23,41,false,false,Rider,1455.98,61.83,1.9,Cash,Pharmacy,Clear,false
746,Jaipur,3/6/2025,12:05 PM,DP044,14.79,5,54,54,false,true,Rider,428.06,66.62,2.3,Card,Bakery,Clear,true
747,Pune,1/28/2025,5:01 AM,DP026,20.23,26,50,59,false,false,Customer,948.81,38.09,1.1,Card,Bakery,Rainy,false
748,Delhi,7/3/2025,1:25 PM,DP009,1.9,20,25,40,true,false,Restaurant,907.6,14.06,4.8,Cash,Snacks,Rainy,true
749,Mumbai,3/29/2025,3:30 PM,DP042,9.07,9,33,10,true,true,Weather,516.6,31.92,2.3,UPI,Pharmacy,Clear,false
750,Jaipur,9/4/2025,5:07 AM,DP014,17.66,51,52,14,false,false,Customer,419.25,20.56,3.9,Card,Bakery,Clear,true
751,Hyderabad,12/8/2025,4:56 AM,DP015,26.49,37,33,68,true,true,Rider,314.56,37.81,3.7,UPI,Snacks,Clear,false
752,Delhi,6/9/2025,10:59 PM,DP030,27.07,45,40,54,false,false,Restaurant,1260.05,57.65,2.5,UPI,Dairy,Rainy,true
753,Hyderabad,3/15/2025,12:01 PM,DP039,15.89,9,50,22,false,false,Customer,1340.37,42.16,4.0,UPI,Bakery,Rainy,true
754,Mumbai,10/12/2025,7:48 PM,DP034,12.18,3,41,27,false,false,Restaurant,1299.98,37.91,1.3,UPI,Grocery,Rainy,false
755,Delhi,2/22/2025,9:45 PM,DP041,9.92,6,19,14,false,false,Restaurant,1199.6,30.51,2.3,UPI,Grocery,Rainy,false
756,Chennai,1/31/2025,5:30 AM,DP032,24.15,14,24,70,true,true,Customer,657.63,55.48,3.4,UPI,Dairy,Rainy,true
757,Bengaluru,12/16/2025,4:20 PM,DP005,20.12,35,42,79,false,false,Customer,1387.43,59.8,2.8,Cash,Pharmacy,Rainy,true
758,Lucknow,1/20/2025,5:18 PM,DP040,26.92,34,25,11,false,true,Weather,400.19,21.13,1.5,UPI,Dairy,Clear,false
759,Jaipur,6/3/2025,9:59 AM,DP025,18.46,8,30,85,true,false,Restaurant,1292.08,52.04,1.2,Cash,Grocery,Rainy,true
760,Lucknow,6/8/2025,10:15 PM,DP005,1.86,37,33,23,false,true,Rider,908.3,76.52,3.4,UPI,Bakery,Rainy,false
761,Jaipur,6/4/2025,10:29 PM,DP009,7.11,2,35,63,false,false,Restaurant,206.98,67.01,2.7,UPI,Bakery,Clear,false
762,Hyderabad,8/16/2025,3:23 AM,DP043,7.7,58,18,49,true,false,Restaurant,800.53,73.66,3.7,Cash,Grocery,Clear,true
763,Chennai,1/9/2025,7:35 PM,DP022,4.2,52,48,87,false,true,Customer,410.96,33.33,2.2,UPI,Dairy,Clear,false
764,Pune,10/16/2025,6:30 PM,DP034,25.05,48,24,38,true,true,Customer,230.52,56.71,2.5,Card,Snacks,Clear,true
765,Chennai,10/20/2025,11:11 PM,DP003,9.52,54,12,59,true,true,Customer,1298.16,18.02,3.5,Card,Dairy,Rainy,false
766,Lucknow,2/6/2025,4:26 AM,DP044,12.54,46,58,52,false,false,Restaurant,501.66,21.48,2.9,UPI,Snacks,Rainy,true
767,Bengaluru,12/19/2025,7:26 PM,DP005,12.13,27,57,50,true,true,Weather,784.16,18.89,3.0,Cash,Bakery,Rainy,true
768,Mumbai,12/15/2025,3:37 PM,DP043,3.79,47,47,60,false,true,Restaurant,520.74,43.92,2.0,Cash,Dairy,Clear,false
769,Delhi,6/24/2025,6:24 AM,DP043,26.84,12,47,44,true,true,Customer,976.09,74.96,2.0,Card,Snacks,Rainy,true
770,Kolkata,12/29/2025,1:54 AM,DP003,4.48,51,30,35,false,true,Restaurant,749.08,51.19,1.2,Card,Grocery,Clear,true
771,Jaipur,11/25/2025,12:40 PM,DP023,4.09,23,60,71,true,true,Customer,390.52,30.43,3.0,Card,Bakery,Clear,false
772,Chennai,3/20/2025,7:36 AM,DP006,5.53,29,50,88,true,true,Restaurant,1298.62,25.57,4.5,UPI,Grocery,Clear,false
773,Lucknow,1/12/2025,10:09 PM,DP023,14.6,38,17,26,true,true,Rider,901.1,57.2,2.3,UPI,Bakery,Clear,false
774,Ahmedabad,2/21/2025,4:53 AM,DP022,29.07,41,52,33,false,false,Restaurant,559.51,79.28,2.5,Cash,Dairy,Clear,true
775,Mumbai,12/29/2025,9:29 AM,DP031,1.85,14,47,41,true,true,Weather,844.75,54.39,2.1,Card,Grocery,Rainy,false
776,Pune,7/4/2025,11:50 AM,DP042,15.46,31,56,23,true,true,Weather,758.07,11.71,1.6,Card,Bakery,Rainy,true
777,Pune,9/20/2025,5:24 PM,DP007,15.42,7,27,21,false,false,Customer,586.61,46.4,4.7,Cash,Bakery,Clear,true
778,Bengaluru,4/9/2025,4:35 AM,DP010,24.0,21,10,18,true,true,Customer,351.43,18.44,3.6,UPI,Pharmacy,Clear,false
779,Kolkata,8/24/2025,8:38 PM,DP037,26.0,28,55,74,false,true,Restaurant,1073.82,75.08,4.1,UPI,Bakery,Rainy,false
780,Kolkata,9/26/2025,6:30 AM,DP044,9.69,51,33,83,false,false,Restaurant,419.55,41.35,3.4,Cash,Grocery,Rainy,true
781,Kolkata,11/3/2025,5:04 AM,DP042,6.9,37,40,12,false,true,Restaurant,1002.63,12.58,3.4,UPI,Dairy,Rainy,true
782,Hyderabad,11/7/2025,9:14 AM,DP039,7.19,37,43,19,false,false,Rider,1341.26,47.94,4.9,Cash,Pharmacy,Clear,false
783,Delhi,9/4/2025,12:19 PM,DP013,29.66,38,48,41,true,true,Weather,1074.87,17.37,3.5,UPI,Grocery,Clear,true
784,Jaipur,5/20/2025,6:04 AM,DP024,2.64,44,12,50,true,true,Weather,272.27,69.0,1.4,Cash,Dairy,Rainy,false
785,Bengaluru,12/22/2025,2:06 AM,DP008,8.05,42,29,48,true,true,Restaurant,501.04,27.53,3.6,UPI,Pharmacy,Rainy,false
786,Hyderabad,1/25/2025,6:56 PM,DP047,13.06,44,55,73,false,false,Weather,1047.29,11.25,1.7,UPI,Pharmacy,Clear,true
787,Kolkata,7/28/2025,2:50 PM,DP005,15.01,59,17,80,true,false,Weather,220.61,58.75,4.8,Cash,Grocery,Clear,true
788,Jaipur,6/23/2025,4:26 PM,DP044,18.34,45,21,59,false,false,Rider,394.28,34.15,1.8,Cash,Grocery,Clear,true
789,Pune,7/28/2025,4:52 PM,DP020,5.1,27,50,17,false,false,Restaurant,335.74,73.88,4.1,Cash,Bakery,Clear,false
790,Chennai,7/26/2025,12:41 AM,DP038,14.46,60,27,15,false,false,Restaurant,1127.3,74.94,2.3,UPI,Dairy,Rainy,false
791,Ahmedabad,9/29/2025,10:33 PM,DP024,18.78,56,47,87,false,true,Restaurant,895.94,38.45,4.6,UPI,Bakery,Clear,true
792,Jaipur,9/14/2025,10:00 AM,DP014,27.76,11,35,86,false,false,Rider,1499.32,29.08,1.7,Cash,Dairy,Clear,true
793,Delhi,3/23/2025,6:53 PM,DP017,17.91,41,31,44,true,false,Restaurant,785.36,24.96,1.9,Card,Snacks,Clear,true
794,Chennai,3/16/2025,7:35 AM,DP007,8.38,29,13,33,false,false,Customer,869.17,56.58,4.9,UPI,Pharmacy,Rainy,false
795,Lucknow,5/11/2025,10:59 AM,DP017,11.09,51,16,18,false,true,Customer,1402.51,68.06,1.1,Cash,Dairy,Clear,true
796,Mumbai,9/29/2025,1:39 PM,DP011,25.99,53,47,48,false,true,Restaurant,879.84,16.2,4.2,Card,Dairy,Clear,true
797,Jaipur,3/25/2025,9:52 AM,DP042,1.1,32,22,35,true,true,Customer,1341.65,19.85,4.3,Card,Grocery,Clear,true
798,Chennai,2/10/2025,2:19 PM,DP021,24.55,0,20,64,false,false,Restaurant,219.92,17.02,4.7,Card,Bakery,Clear,true
799,Bengaluru,6/29/2025,8:26 PM,DP018,28.66,23,29,15,true,false,Weather,1362.12,39.5,4.2,UPI,Bakery,Rainy,true
800,Delhi,4/6/2025,5:43 PM,DP047,26.05,47,27,79,false,true,Weather,1045.53,77.19,4.5,Cash,Pharmacy,Rainy,false
801,Kolkata,4/4/2025,11:07 PM,DP017,1.06,29,40,48,true,false,Restaurant,462.26,52.08,2.2,Card,Grocery,Rainy,true
802,Ahmedabad,3/4/2025,2:34 AM,DP012,14.04,7,53,38,false,false,Customer,1060.61,53.34,4.4,Cash,Dairy,Rainy,false
803,Pune,12/14/2025,7:00 AM,DP026,7.07,33,18,61,true,false,Restaurant,860.98,59.31,3.4,Cash,Bakery,Rainy,true
804,Kolkata,7/31/2025,9:34 AM,DP047,4.24,34,25,22,true,false,Rider,325.99,13.79,2.0,UPI,Snacks,Rainy,true
805,Lucknow,6/28/2025,5:33 AM,DP019,20.0,52,23,49,false,true,Customer,402.63,43.88,3.9,Card,Snacks,Clear,true
806,Kolkata,8/16/2025,2:58 AM,DP016,29.76,31,60,87,false,false,Rider,1174.88,62.08,4.5,Cash,Bakery,Clear,false
807,Ahmedabad,7/30/2025,7:02 AM,DP042,10.86,9,45,61,false,false,Customer,941.96,34.16,4.1,Cash,Pharmacy,Rainy,true
808,Pune,4/18/2025,8:23 AM,DP014,6.48,27,13,71,false,true,Weather,560.27,38.92,1.6,Cash,Pharmacy,Rainy,false
809,Chennai,6/21/2025,7:16 AM,DP009,19.65,48,12,86,true,false,Customer,960.99,10.78,3.1,Card,Snacks,Clear,true
810,Pune,11/6/2025,10:24 AM,DP010,24.16,26,14,80,true,false,Restaurant,154.46,38.67,1.3,UPI,Snacks,Rainy,false
811,Hyderabad,7/3/2025,4:16 PM,DP050,25.38,48,22,16,false,true,Restaurant,1276.13,27.28,4.5,Card,Snacks,Rainy,false
812,Lucknow,6/18/2025,5:35 AM,DP007,22.22,38,19,84,true,true,Restaurant,420.13,37.77,1.9,Card,Bakery,Rainy,false
813,Chennai,10/21/2025,5:38 PM,DP012,22.83,11,10,88,false,false,Restaurant,1491.54,70.84,1.1,Cash,Grocery,Rainy,true
814,Pune,4/28/2025,10:54 PM,DP041,18.76,31,36,79,false,true,Restaurant,474.42,71.57,3.4,Cash,Snacks,Rainy,true
815,Ahmedabad,12/28/2025,10:29 AM,DP028,27.95,47,54,13,true,false,Customer,1237.85,15.89,3.5,Card,Bakery,Clear,true
816,Jaipur,12/13/2025,1:26 PM,DP039,23.66,10,31,41,true,true,Weather,258.72,63.11,3.1,Cash,Dairy,Clear,true
817,Delhi,10/11/2025,1:51 PM,DP023,12.41,44,23,82,true,false,Rider,1009.57,18.08,3.4,UPI,Grocery,Clear,true
818,Bengaluru,6/8/2025,1:04 AM,DP005,21.57,53,39,83,false,true,Rider,754.51,49.15,3.6,Cash,Bakery,Rainy,true
819,Mumbai,10/27/2025,5:38 PM,DP047,25.91,36,18,16,false,false,Customer,1228.84,16.69,2.0,Cash,Dairy,Clear,true
820,Delhi,11/20/2025,5:09 AM,DP022,24.5,28,48,15,false,true,Restaurant,1378.99,14.47,2.2,Cash,Grocery,Rainy,false
821,Jaipur,9/13/2025,1:23 AM,DP038,7.82,16,51,42,true,false,Restaurant,704.39,59.71,3.1,Cash,Grocery,Rainy,true
822,Delhi,2/2/2025,12:56 AM,DP023,8.43,34,35,51,false,false,Rider,1251.37,61.62,1.6,Card,Pharmacy,Rainy,false
823,Jaipur,3/17/2025,4:39 AM,DP015,1.42,3,44,35,true,true,Restaurant,1396.34,62.67,4.3,UPI,Bakery,Rainy,false
824,Mumbai,2/2/2025,7:12 AM,DP012,19.66,30,57,61,true,true,Weather,714.94,36.55,3.8,UPI,Grocery,Clear,false
825,Kolkata,7/16/2025,3:21 PM,DP011,2.16,27,44,63,false,true,Restaurant,1497.63,32.72,4.9,Card,Pharmacy,Rainy,false
826,Lucknow,5/9/2025,6:00 AM,DP039,21.8,3,43,29,true,true,Restaurant,208.89,66.65,2.2,Cash,Grocery,Rainy,true
827,Bengaluru,5/3/2025,11:08 PM,DP026,9.7,56,34,86,true,true,Rider,1184.06,40.08,4.5,Card,Grocery,Clear,true
828,Lucknow,7/2/2025,6:28 AM,DP004,7.57,58,14,40,true,false,Rider,465.28,33.44,2.3,Card,Dairy,Clear,false
829,Mumbai,6/23/2025,10:51 AM,DP047,25.87,6,40,71,false,true,Rider,737.85,10.97,2.6,UPI,Bakery,Clear,true
830,Hyderabad,8/31/2025,1:50 AM,DP031,7.02,44,35,44,false,false,Restaurant,1211.38,69.26,2.5,Card,Bakery,Clear,true
831,Jaipur,7/26/2025,1:57 AM,DP047,12.36,38,34,37,false,true,Weather,891.61,66.39,1.4,Cash,Bakery,Clear,true
832,Chennai,7/17/2025,1:49 PM,DP038,23.91,2,34,75,true,false,Customer,645.41,35.2,4.1,Cash,Dairy,Clear,true
833,Delhi,5/5/2025,2:04 PM,DP034,8.48,3,37,32,true,true,Weather,687.77,60.79,4.8,Card,Dairy,Rainy,true
834,Hyderabad,4/3/2025,10:07 PM,DP035,25.18,43,16,63,true,true,Customer,782.69,22.66,3.4,UPI,Dairy,Rainy,true
835,Lucknow,12/9/2025,7:16 AM,DP010,20.19,32,38,57,false,false,Restaurant,1213.87,19.31,2.5,Card,Bakery,Clear,true
836,Chennai,5/11/2025,2:39 PM,DP043,6.17,2,24,39,false,false,Rider,325.81,37.04,2.6,UPI,Bakery,Clear,true
837,Kolkata,7/14/2025,7:43 PM,DP046,4.39,60,56,64,true,false,Weather,118.59,74.85,4.3,UPI,Bakery,Clear,false
838,Delhi,1/7/2025,11:37 PM,DP001,2.2,55,40,38,true,false,Rider,341.38,36.88,2.9,UPI,Bakery,Clear,true
839,Hyderabad,9/18/2025,2:26 PM,DP037,22.48,15,45,57,true,false,Restaurant,407.06,60.91,4.8,Card,Bakery,Clear,true
840,Delhi,6/14/2025,6:47 PM,DP021,13.59,22,46,45,false,false,Customer,760.69,56.65,2.7,Card,Dairy,Rainy,false
841,Hyderabad,9/3/2025,10:40 AM,DP011,7.19,42,56,86,false,false,Rider,353.39,53.13,3.1,Card,Pharmacy,Rainy,false
842,Delhi,1/11/2025,9:46 PM,DP046,20.03,4,41,17,true,true,Restaurant,982.84,52.68,2.9,Card,Grocery,Rainy,true
843,Lucknow,8/22/2025,2:33 AM,DP014,6.82,27,49,61,true,false,Weather,1088.33,51.85,4.2,UPI,Pharmacy,Rainy,false
844,Chennai,11/16/2025,2:33 PM,DP049,18.45,58,32,45,false,false,Restaurant,1343.58,11.39,2.2,Card,Pharmacy,Clear,true
845,Kolkata,11/6/2025,9:02 AM,DP014,10.73,56,38,11,true,false,Weather,1101.11,41.53,1.7,Cash,Bakery,Rainy,true
846,Kolkata,3/6/2025,6:35 PM,DP003,17.12,14,40,89,true,true,Weather,917.21,74.07,2.3,Card,Dairy,Clear,false
847,Kolkata,3/26/2025,11:50 PM,DP016,10.74,59,56,78,false,true,Restaurant,1372.88,16.45,4.0,UPI,Dairy,Clear,false
848,Chennai,11/15/2025,6:28 PM,DP007,28.93,45,14,17,false,true,Restaurant,1493.88,48.74,2.9,Card,Pharmacy,Clear,false
849,Kolkata,11/22/2025,9:39 AM,DP021,27.72,42,29,37,true,true,Rider,885.68,75.72,4.2,Cash,Dairy,Rainy,false
850,Delhi,12/10/2025,2:05 PM,DP044,12.13,36,41,76,true,false,Customer,1327.49,15.71,3.6,Card,Snacks,Clear,false
851,Chennai,6/19/2025,4:33 AM,DP026,22.75,53,36,20,true,true,Restaurant,641.78,62.37,4.9,UPI,Grocery,Clear,false
852,Jaipur,10/28/2025,10:51 PM,DP026,15.7,21,58,46,true,true,Customer,887.72,27.52,4.7,Card,Dairy,Rainy,true
853,Hyderabad,4/6/2025,11:23 AM,DP044,12.52,53,49,80,true,true,Rider,287.1,22.48,4.8,UPI,Snacks,Rainy,false
854,Bengaluru,1/3/2025,3:00 PM,DP046,16.37,8,53,65,true,false,Customer,412.06,43.28,4.3,Card,Bakery,Clear,true
855,Kolkata,4/1/2025,4:19 AM,DP047,2.05,2,54,31,true,true,Restaurant,734.98,50.51,1.9,UPI,Pharmacy,Clear,true
856,Lucknow,2/24/2025,4:37 PM,DP023,8.22,10,58,23,false,true,Weather,220.88,11.59,4.5,Cash,Pharmacy,Rainy,false
857,Delhi,2/17/2025,12:53 AM,DP025,22.29,17,24,43,false,true,Customer,219.33,49.85,4.2,Cash,Dairy,Rainy,false
858,Lucknow,9/25/2025,2:01 AM,DP007,8.2,4,31,82,true,false,Weather,1397.1,49.86,1.8,Card,Pharmacy,Clear,true
859,Delhi,7/29/2025,8:20 PM,DP034,4.41,7,23,15,false,false,Customer,561.59,49.84,3.8,UPI,Dairy,Rainy,true
860,Hyderabad,3/11/2025,11:46 AM,DP023,17.61,12,50,87,false,true,Rider,1498.39,12.72,4.5,Cash,Snacks,Rainy,false
861,Kolkata,7/15/2025,6:40 AM,DP013,2.28,20,29,40,true,false,Weather,210.61,23.9,4.5,Card,Dairy,Clear,true
862,Mumbai,8/1/2025,7:39 PM,DP024,29.02,33,40,40,false,false,Rider,123.6,66.15,3.6,Card,Grocery,Rainy,false
863,Hyderabad,4/9/2025,12:41 AM,DP027,24.57,59,43,81,true,true,Rider,394.7,40.75,3.1,Card,Grocery,Clear,false
864,Jaipur,5/10/2025,4:45 AM,DP020,5.01,54,32,48,false,false,Restaurant,112.28,77.92,4.3,Card,Dairy,Rainy,false
865,Ahmedabad,5/1/2025,11:34 PM,DP049,19.69,38,23,78,true,false,Weather,934.41,53.29,5.0,Cash,Snacks,Rainy,false
866,Chennai,5/31/2025,7:49 AM,DP035,14.06,37,54,53,false,true,Weather,282.77,54.09,3.8,UPI,Pharmacy,Clear,false
867,Lucknow,1/11/2025,3:04 PM,DP009,4.46,53,40,89,false,false,Customer,1020.11,65.67,4.2,UPI,Pharmacy,Clear,true
868,Chennai,3/3/2025,10:10 PM,DP009,24.21,54,17,16,false,false,Weather,960.45,52.44,4.5,UPI,Grocery,Clear,true
869,Bengaluru,9/17/2025,4:47 PM,DP032,10.2,49,24,90,false,true,Weather,1383.34,10.22,5.0,Cash,Bakery,Rainy,true
870,Jaipur,12/17/2025,11:19 AM,DP012,13.62,36,23,81,true,true,Rider,569.03,44.07,1.3,Card,Snacks,Clear,true
871,Lucknow,11/29/2025,3:11 AM,DP021,13.67,8,47,18,false,false,Restaurant,329.65,60.95,2.3,Card,Bakery,Rainy,true
872,Jaipur,10/8/2025,11:48 AM,DP033,19.85,33,59,21,false,false,Customer,769.29,17.3,4.2,UPI,Bakery,Clear,false
873,Lucknow,7/12/2025,9:15 AM,DP050,14.51,23,45,33,true,false,Rider,238.0,76.39,3.0,UPI,Bakery,Clear,false
874,Mumbai,10/26/2025,1:29 PM,DP036,9.5,35,48,36,true,false,Weather,344.69,64.6,1.7,Card,Grocery,Clear,true
875,Bengaluru,12/22/2025,8:33 AM,DP041,4.96,32,28,42,true,true,Restaurant,803.29,11.14,2.4,Card,Pharmacy,Clear,true
876,Chennai,2/9/2025,1:53 AM,DP044,3.48,45,44,20,true,true,Customer,368.88,27.0,2.1,Cash,Dairy,Rainy,true
877,Chennai,6/7/2025,11:17 AM,DP003,14.55,27,33,13,true,false,Customer,185.04,45.87,4.0,Card,Bakery,Rainy,true
878,Lucknow,8/10/2025,8:47 PM,DP036,16.74,38,46,17,false,false,Rider,1000.15,78.02,4.6,Card,Dairy,Clear,true
879,Bengaluru,2/11/2025,2:31 PM,DP009,23.63,57,59,19,false,true,Restaurant,1331.96,63.75,3.0,UPI,Bakery,Clear,true
880,Kolkata,9/25/2025,2:23 PM,DP042,3.18,31,46,75,true,true,Weather,262.55,35.66,1.6,UPI,Grocery,Rainy,false
881,Jaipur,7/6/2025,3:31 PM,DP009,27.7,39,57,52,true,true,Weather,141.6,69.51,3.3,Card,Pharmacy,Clear,false
882,Lucknow,7/25/2025,6:28 PM,DP013,7.62,29,13,22,true,false,Rider,748.26,73.01,2.4,Card,Pharmacy,Clear,true
883,Kolkata,7/8/2025,7:42 AM,DP037,29.86,4,45,72,true,false,Customer,393.31,32.2,3.5,Card,Dairy,Rainy,false
884,Mumbai,1/17/2025,8:24 PM,DP048,9.32,31,51,14,true,true,Weather,1105.98,71.26,4.4,UPI,Snacks,Rainy,false
885,Jaipur,7/24/2025,5:01 AM,DP021,29.56,50,37,71,false,false,Customer,776.83,41.1,4.0,Cash,Dairy,Rainy,false
886,Kolkata,11/24/2025,3:49 AM,DP013,4.44,6,23,74,false,false,Restaurant,250.65,50.0,3.9,Cash,Dairy,Clear,false
887,Hyderabad,12/9/2025,10:09 PM,DP044,15.62,14,46,40,true,false,Rider,236.13,60.91,2.3,Card,Bakery,Clear,false
888,Pune,8/22/2025,8:02 AM,DP050,28.43,14,55,54,false,false,Customer,1254.94,28.94,1.0,Cash,Grocery,Rainy,true
889,Mumbai,5/14/2025,8:34 AM,DP014,27.28,40,22,59,false,false,Restaurant,1030.76,25.65,2.1,Card,Dairy,Rainy,false
890,Pune,3/7/2025,2:19 AM,DP042,14.71,52,28,68,false,true,Customer,1017.68,65.68,2.4,Cash,Pharmacy,Clear,false
891,Mumbai,4/1/2025,4:41 PM,DP012,21.52,2,16,75,false,true,Weather,1215.47,51.49,4.2,UPI,Dairy,Rainy,false
892,Mumbai,7/6/2025,11:23 AM,DP010,5.87,34,58,15,false,true,Rider,1352.05,49.9,3.1,Cash,Grocery,Rainy,false
893,Hyderabad,12/5/2025,5:11 PM,DP030,10.0,6,35,50,true,true,Customer,779.47,23.52,3.7,Card,Bakery,Clear,true
894,Mumbai,11/13/2025,10:30 AM,DP032,8.61,28,51,53,true,false,Restaurant,1237.32,45.71,2.2,Cash,Pharmacy,Clear,false
895,Ahmedabad,5/21/2025,6:06 AM,DP034,20.8,30,33,83,false,false,Weather,1010.7,49.66,2.2,UPI,Grocery,Clear,true
896,Lucknow,4/17/2025,9:30 AM,DP040,6.07,50,51,31,true,false,Customer,364.23,50.82,3.5,Cash,Dairy,Rainy,false
897,Chennai,8/20/2025,10:31 PM,DP011,9.24,38,45,58,false,false,Customer,623.84,48.62,3.0,Cash,Pharmacy,Rainy,false
898,Kolkata,10/30/2025,9:44 AM,DP044,6.61,9,34,25,false,true,Restaurant,1158.59,37.56,2.4,Card,Snacks,Rainy,true
899,Chennai,1/20/2025,10:40 PM,DP031,22.5,25,33,66,false,false,Restaurant,371.54,58.19,1.0,Cash,Snacks,Rainy,false
900,Hyderabad,12/10/2025,3:25 AM,DP047,19.23,49,49,61,true,false,Customer,988.5,70.8,3.7,UPI,Bakery,Clear,false
901,Ahmedabad,1/23/2025,4:02 AM,DP007,25.11,8,16,69,true,true,Customer,630.33,46.54,4.1,UPI,Snacks,Clear,false
902,Ahmedabad,7/4/2025,5:19 AM,DP004,10.5,2,45,42,true,false,Rider,355.5,30.62,3.6,Card,Bakery,Rainy,true
903,Kolkata,9/12/2025,9:29 AM,DP031,27.75,4,19,85,false,true,Restaurant,1479.55,63.29,1.5,Cash,Snacks,Clear,true
904,Jaipur,3/24/2025,1:19 AM,DP046,23.66,50,33,27,false,true,Restaurant,211.5,35.49,3.0,UPI,Snacks,Rainy,false
905,Pune,6/9/2025,7:03 AM,DP026,11.73,37,17,39,true,true,Rider,488.57,36.39,3.5,Cash,Dairy,Rainy,false
906,Hyderabad,12/9/2025,11:31 AM,DP044,19.99,36,22,25,true,false,Restaurant,1088.33,33.82,3.2,Cash,Pharmacy,Clear,true
907,Ahmedabad,11/28/2025,2:21 PM,DP010,13.31,1,15,72,false,true,Weather,1284.14,54.28,4.3,Card,Grocery,Rainy,true
908,Lucknow,11/29/2025,12:46 PM,DP010,21.86,45,24,38,false,true,Customer,1411.55,76.33,1.3,Cash,Snacks,Clear,true
909,Kolkata,10/28/2025,4:39 AM,DP040,3.92,32,47,40,false,false,Customer,344.85,38.2,4.4,Cash,Snacks,Rainy,false
910,Chennai,9/28/2025,3:24 AM,DP025,26.49,25,50,68,false,true,Rider,568.33,32.29,1.7,Card,Pharmacy,Clear,false
911,Mumbai,5/26/2025,6:52 PM,DP036,24.69,14,18,12,true,true,Rider,626.3,11.58,4.4,UPI,Pharmacy,Rainy,false
912,Delhi,6/18/2025,5:52 AM,DP049,11.61,2,50,33,false,false,Weather,755.37,37.97,4.8,UPI,Dairy,Rainy,false
913,Ahmedabad,10/26/2025,9:44 PM,DP003,1.17,26,25,45,false,true,Restaurant,1289.39,71.88,1.3,UPI,Snacks,Clear,false
914,Kolkata,9/22/2025,10:23 AM,DP016,26.59,2,41,61,true,true,Weather,637.19,27.25,2.2,Cash,Bakery,Clear,false
915,Kolkata,11/8/2025,1:37 AM,DP035,16.21,28,15,34,true,false,Customer,976.33,79.78,3.3,UPI,Snacks,Rainy,true
916,Ahmedabad,11/1/2025,1:46 AM,DP032,20.65,60,48,43,true,false,Rider,815.43,38.33,2.5,Cash,Dairy,Clear,false
917,Mumbai,6/27/2025,11:22 PM,DP016,8.24,47,14,90,false,true,Restaurant,172.51,55.02,2.7,Cash,Bakery,Clear,false
918,Mumbai,4/26/2025,7:49 PM,DP016,12.13,43,38,89,false,true,Customer,831.84,50.81,3.6,Cash,Grocery,Clear,true
919,Delhi,12/8/2025,11:00 PM,DP015,14.81,50,21,77,false,false,Weather,458.96,74.46,4.6,Cash,Grocery,Rainy,false
920,Pune,8/15/2025,1:04 PM,DP002,2.68,52,16,16,false,false,Rider,637.02,50.98,1.2,UPI,Snacks,Clear,true
921,Delhi,4/5/2025,5:54 PM,DP028,19.18,13,52,47,true,false,Customer,1375.34,31.76,1.4,UPI,Grocery,Rainy,false
922,Bengaluru,3/25/2025,3:36 AM,DP041,7.0,13,35,11,true,false,Rider,1227.67,46.79,1.2,UPI,Snacks,Rainy,false
923,Jaipur,2/16/2025,3:11 AM,DP004,16.12,36,10,32,true,false,Restaurant,1142.34,28.5,3.1,UPI,Bakery,Rainy,true
924,Hyderabad,7/23/2025,7:32 AM,DP002,5.07,9,37,89,false,false,Restaurant,357.07,52.7,4.3,UPI,Bakery,Rainy,true
925,Pune,12/24/2025,10:03 AM,DP011,4.82,8,11,60,true,false,Restaurant,352.37,17.49,3.3,UPI,Pharmacy,Clear,true
926,Mumbai,6/27/2025,12:21 AM,DP050,10.97,7,43,82,false,false,Weather,574.81,21.55,4.1,UPI,Snacks,Clear,false
927,Pune,12/16/2025,11:21 AM,DP007,15.12,13,50,24,true,false,Weather,237.16,57.5,2.3,UPI,Pharmacy,Rainy,true
928,Lucknow,7/1/2025,9:38 AM,DP047,28.38,21,37,18,false,true,Customer,1243.73,57.25,2.9,Cash,Bakery,Rainy,false
929,Ahmedabad,5/10/2025,7:00 PM,DP026,5.31,51,58,14,false,false,Restaurant,1457.73,12.12,1.5,Card,Snacks,Clear,true
930,Delhi,7/29/2025,12:39 PM,DP031,24.31,11,36,19,true,true,Restaurant,281.95,73.66,2.3,Cash,Snacks,Rainy,true
931,Bengaluru,7/26/2025,12:40 PM,DP003,2.28,43,10,78,false,false,Customer,860.21,47.05,4.5,UPI,Snacks,Clear,true
932,Mumbai,10/16/2025,11:33 PM,DP026,19.59,15,30,39,false,true,Restaurant,1227.92,62.03,2.1,Cash,Dairy,Clear,true
933,Chennai,6/11/2025,2:39 PM,DP035,12.24,16,33,51,false,true,Rider,661.93,57.68,1.4,Card,Bakery,Rainy,false
934,Mumbai,10/11/2025,3:07 AM,DP042,10.23,42,50,27,true,false,Rider,957.24,72.0,2.4,UPI,Grocery,Clear,true
935,Lucknow,3/14/2025,12:29 PM,DP034,13.65,13,39,78,false,true,Rider,453.42,36.5,4.6,Card,Bakery,Clear,false
936,Kolkata,1/6/2025,12:48 PM,DP026,15.86,8,19,32,false,true,Customer,871.43,79.8,1.6,Card,Dairy,Rainy,true
937,Bengaluru,2/13/2025,10:51 PM,DP049,7.22,2,44,22,true,false,Restaurant,1352.18,41.4,1.6,Card,Grocery,Rainy,false
938,Bengaluru,1/12/2025,1:59 AM,DP025,4.97,22,24,19,false,false,Rider,939.45,44.12,3.1,Card,Pharmacy,Clear,true
939,Kolkata,10/28/2025,7:15 PM,DP045,17.65,35,52,61,false,false,Rider,484.61,33.7,1.7,Card,Grocery,Clear,true
940,Jaipur,12/22/2025,3:08 PM,DP006,27.83,29,51,52,false,false,Customer,1489.87,13.93,2.4,Card,Pharmacy,Clear,true
941,Kolkata,1/25/2025,8:21 PM,DP047,18.41,3,54,67,true,false,Weather,1160.29,37.56,2.4,Card,Grocery,Clear,true
942,Mumbai,6/23/2025,10:50 PM,DP023,16.25,30,48,82,false,false,Rider,1127.14,40.55,3.9,Card,Dairy,Rainy,false
943,Hyderabad,12/17/2025,2:08 PM,DP025,28.95,36,52,70,false,true,Customer,716.41,62.56,1.0,Card,Grocery,Clear,true
944,Lucknow,3/11/2025,1:04 AM,DP025,29.68,24,31,37,false,false,Weather,1272.08,71.46,4.6,Cash,Snacks,Rainy,true
945,Hyderabad,9/13/2025,4:15 PM,DP043,12.51,7,11,55,true,false,Rider,1128.35,37.97,1.5,Cash,Snacks,Rainy,true
946,Bengaluru,1/4/2025,4:47 PM,DP018,11.15,0,42,69,true,true,Weather,1329.13,73.94,4.4,Card,Dairy,Rainy,true
947,Lucknow,10/15/2025,8:38 AM,DP032,15.41,18,49,53,false,true,Rider,1475.53,73.05,2.4,UPI,Dairy,Rainy,true
948,Hyderabad,5/14/2025,12:04 AM,DP018,29.03,41,19,27,true,true,Rider,589.94,68.44,3.8,UPI,Bakery,Clear,false
949,Kolkata,9/25/2025,5:07 PM,DP042,1.49,5,56,57,true,true,Restaurant,1443.82,55.39,1.1,Card,Dairy,Clear,true
950,Mumbai,12/5/2025,12:40 AM,DP005,6.77,2,33,19,true,false,Rider,1261.18,13.5,4.1,Cash,Snacks,Rainy,false
951,Pune,6/15/2025,12:41 PM,DP016,14.49,12,10,84,false,true,Rider,1141.06,78.42,2.2,UPI,Bakery,Rainy,false
952,Kolkata,11/28/2025,7:54 AM,DP042,8.54,37,60,69,false,true,Weather,720.62,78.83,4.5,Cash,Grocery,Clear,false
953,Mumbai,8/9/2025,7:24 AM,DP021,18.17,44,45,76,true,true,Weather,688.14,66.78,4.1,Card,Pharmacy,Clear,false
954,Kolkata,12/4/2025,3:34 AM,DP048,9.73,22,50,52,false,false,Weather,1454.53,26.64,2.4,Cash,Bakery,Clear,false
955,Mumbai,8/15/2025,3:31 PM,DP042,8.2,60,40,87,false,true,Weather,487.13,48.26,4.0,UPI,Grocery,Clear,false
956,Chennai,7/30/2025,5:59 AM,DP014,27.25,54,12,84,true,false,Rider,1460.33,41.21,4.9,UPI,Dairy,Rainy,false
957,Delhi,6/19/2025,7:48 AM,DP011,1.91,51,39,51,false,false,Customer,141.38,38.03,1.3,Cash,Snacks,Rainy,false
958,Chennai,5/29/2025,9:34 PM,DP007,26.47,54,25,41,false,true,Restaurant,901.62,23.65,3.0,UPI,Bakery,Rainy,false
959,Hyderabad,5/9/2025,12:41 AM,DP045,22.63,22,23,31,true,false,Rider,1462.0,23.43,4.5,UPI,Pharmacy,Clear,true
960,Hyderabad,6/20/2025,5:28 AM,DP022,9.57,18,45,45,true,false,Rider,897.65,36.71,4.7,Card,Grocery,Clear,false
961,Bengaluru,2/9/2025,8:56 PM,DP018,5.0,55,53,31,true,false,Customer,911.95,61.98,4.8,Cash,Bakery,Clear,false
962,Pune,5/8/2025,10:38 PM,DP017,5.34,57,34,28,false,true,Customer,212.11,45.99,1.5,Card,Pharmacy,Clear,true
963,Pune,6/1/2025,6:46 PM,DP009,28.83,40,19,64,false,true,Weather,674.98,76.13,4.1,Card,Grocery,Rainy,false
964,Lucknow,6/13/2025,11:50 AM,DP048,8.15,9,52,51,false,false,Rider,1099.58,79.49,2.5,Cash,Grocery,Rainy,true
965,Delhi,3/16/2025,7:57 PM,DP045,11.22,2,55,40,false,false,Customer,488.85,75.64,4.2,Cash,Pharmacy,Rainy,false
966,Chennai,1/3/2025,9:12 AM,DP001,15.37,59,40,67,true,true,Rider,1190.92,70.83,3.6,Cash,Bakery,Rainy,true
967,Mumbai,9/13/2025,7:20 PM,DP031,14.25,26,26,18,true,true,Customer,744.86,50.68,2.3,Cash,Grocery,Rainy,true
968,Chennai,2/9/2025,1:03 AM,DP034,11.98,12,59,70,false,true,Rider,767.27,15.95,1.2,UPI,Snacks,Rainy,true
969,Ahmedabad,6/18/2025,12:07 AM,DP006,15.65,52,28,26,true,true,Weather,403.72,63.97,4.3,Cash,Bakery,Rainy,true
970,Ahmedabad,11/25/2025,4:26 PM,DP037,13.01,45,35,80,true,false,Customer,1398.75,30.1,3.9,Cash,Pharmacy,Rainy,false
971,Kolkata,11/4/2025,4:58 PM,DP016,17.26,25,25,38,false,false,Customer,1320.15,31.87,3.3,Card,Pharmacy,Clear,true
972,Mumbai,3/4/2025,1:05 AM,DP038,19.3,6,59,43,true,false,Rider,1324.75,23.71,3.1,Card,Dairy,Clear,false
973,Mumbai,7/11/2025,5:50 PM,DP021,9.25,24,43,84,false,false,Weather,884.36,23.76,1.5,Card,Bakery,Clear,true
974,Chennai,6/21/2025,11:34 AM,DP007,19.82,48,46,42,false,true,Customer,104.9,42.66,4.6,Cash,Pharmacy,Clear,false
975,Jaipur,12/14/2025,8:45 PM,DP026,14.6,50,22,15,true,false,Rider,1386.43,51.74,4.0,Card,Pharmacy,Rainy,true
976,Kolkata,4/25/2025,11:02 PM,DP048,6.06,12,19,11,false,true,Customer,623.64,50.45,2.1,UPI,Bakery,Rainy,true
977,Ahmedabad,12/23/2025,6:46 AM,DP015,15.71,5,53,66,true,false,Restaurant,960.7,15.16,2.2,Cash,Bakery,Rainy,true
978,Delhi,2/7/2025,6:08 PM,DP009,8.14,29,52,74,false,true,Weather,816.98,69.57,3.4,UPI,Bakery,Clear,false
979,Hyderabad,11/11/2025,4:57 PM,DP025,16.93,18,22,51,false,true,Weather,645.93,11.83,4.9,UPI,Snacks,Rainy,false
980,Bengaluru,1/24/2025,1:33 AM,DP030,4.19,42,24,34,false,true,Weather,1324.14,39.47,1.3,Cash,Dairy,Rainy,true
981,Pune,12/21/2025,5:42 AM,DP026,16.0,51,39,82,true,false,Weather,954.2,17.38,2.9,Cash,Dairy,Clear,true
982,Chennai,11/13/2025,2:54 AM,DP044,18.33,53,59,75,true,false,Restaurant,1301.42,75.83,1.3,Cash,Grocery,Rainy,true
983,Hyderabad,8/22/2025,2:46 PM,DP032,21.86,54,10,20,false,true,Rider,1286.43,48.56,2.9,UPI,Dairy,Clear,true
984,Hyderabad,1/22/2025,12:47 AM,DP027,11.97,53,13,53,true,false,Customer,252.34,54.9,3.5,Card,Grocery,Clear,false
985,Lucknow,10/28/2025,10:51 PM,DP020,11.86,16,15,33,false,false,Weather,1173.95,21.23,1.1,UPI,Dairy,Rainy,true
986,Kolkata,1/4/2025,7:25 PM,DP029,14.35,30,23,33,false,true,Weather,907.35,18.3,1.8,Cash,Grocery,Clear,false
987,Delhi,11/6/2025,8:43 AM,DP023,25.2,42,30,90,true,true,Rider,1137.37,78.73,1.2,UPI,Dairy,Clear,true
988,Bengaluru,3/14/2025,12:37 PM,DP024,11.59,49,23,88,false,true,Rider,1258.01,72.43,3.4,Card,Snacks,Clear,true
989,Lucknow,1/16/2025,5:38 AM,DP003,25.73,8,30,78,true,false,Customer,1437.79,27.7,3.2,Card,Pharmacy,Clear,false
990,Delhi,5/24/2025,1:19 AM,DP049,2.68,13,21,84,true,false,Weather,343.58,46.73,3.9,Cash,Bakery,Clear,false
991,Jaipur,3/22/2025,4:29 PM,DP017,25.11,38,54,17,false,false,Weather,1304.21,69.86,1.6,UPI,Grocery,Rainy,true
992,Pune,1/3/2025,5:23 AM,DP039,14.04,32,47,62,false,false,Customer,252.54,70.53,1.8,UPI,Grocery,Clear,false
993,Jaipur,11/22/2025,2:00 PM,DP002,24.81,26,36,36,false,false,Customer,562.73,19.06,3.7,UPI,Grocery,Rainy,true
994,Bengaluru,12/20/2025,9:27 AM,DP025,11.65,30,51,73,true,true,Rider,255.14,69.99,1.1,Cash,Bakery,Clear,true
995,Hyderabad,3/3/2025,10:23 AM,DP036,7.37,34,54,88,true,false,Weather,1412.25,21.61,1.1,Cash,Dairy,Clear,false
996,Delhi,2/3/2025,11:24 PM,DP038,14.24,4,11,16,true,false,Customer,826.47,32.69,4.4,UPI,Pharmacy,Clear,false
997,Lucknow,7/3/2025,1:16 PM,DP043,20.56,54,60,29,true,true,Weather,672.72,42.63,2.5,Card,Snacks,Rainy,true
998,Ahmedabad,12/28/2025,2:13 AM,DP021,25.84,19,46,68,true,true,Restaurant,923.11,11.52,2.9,Cash,Snacks,Rainy,true
999,Jaipur,12/24/2025,6:50 PM,DP023,10.95,35,14,64,true,true,Rider,963.28,52.13,2.4,Card,Bakery,Rainy,false
1000,Ahmedabad,7/5/2025,2:04 AM,DP010,23.35,58,16,58,true,false,Weather,257.69,57.71,2.8,Card,Dairy,Rainy,false
